NC,DM,NS,ADD,SUB,CA,Label,NP,SN,AF,BC,AS,PF
733.098039215686,1722.0,13.0,36.0,29.0,15.0,1,1227.549019607843,-988.901960784314,23.25,17.5,7.0,0.01894018049675
810.588235294118,1622.775,20.0,43.0,43.0,27.0,0,1216.681617647059,-812.1867647058821,33.25,16.0,0.0,0.0273284312984648
1012.47058823529,1996.10526315789,18.0,41.0,30.0,26.0,0,1504.28792569659,-983.6346749226,28.75,9.5,11.0,0.019112032682618
959.450980392157,1569.0,22.0,60.0,49.0,39.0,0,1264.2254901960785,-609.549019607843,42.5,15.5,11.0,0.0336174205705777
1594.5,3403.13513513514,9.0,13.0,13.0,4.0,1,2498.81756756757,-1808.63513513514,9.75,9.0,0.0,0.0039018454674492
1344.0,3960.83333333333,8.0,21.0,25.0,12.0,1,2652.416666666665,-2616.83333333333,16.5,11.0,-4.0,0.006220742090544
1150.5,2817.07317073171,12.0,33.0,24.0,14.0,0,1983.786585365855,-1666.57317073171,20.75,14.5,9.0,0.0104597944925425
687.96,1195.0,23.0,58.0,51.0,31.0,0,941.48,-507.04,40.75,23.5,7.0,0.0432829162594603
735.428571428571,3443.3,17.0,39.0,50.0,23.0,0,2089.3642857142854,-2707.871428571429,32.25,21.5,-11.0,0.0154353169624316
666.5,1378.125,27.0,61.0,63.0,34.0,0,1022.3125,-711.625,46.25,28.0,-2.0,0.0452405697865914
1080.27450980392,2822.0,9.0,21.0,14.0,11.0,1,1951.13725490196,-1741.72549019608,13.75,6.5,7.0,0.0070471720866627
732.0,1382.76923076923,18.0,43.0,41.0,31.0,0,1057.384615384615,-650.76923076923,33.25,11.0,2.0,0.0314455114214747
1244.5,1929.5,17.0,46.0,41.0,32.0,0,1587.0,-685.0,34.0,11.5,5.0,0.0214240705733954
1248.0,2903.38461538462,5.0,23.0,17.0,8.0,1,2075.69230769231,-1655.3846153846198,13.25,12.0,6.0,0.0063834123925258
1686.43137254902,2593.24390243902,13.0,31.0,26.0,17.0,0,2139.83763749402,-906.8125298900002,21.75,11.5,5.0,0.0101643225723711
979.843137254902,1961.4,20.0,42.0,46.0,27.0,0,1470.621568627451,-981.556862745098,33.75,17.0,-4.0,0.0229494798117753
774.901960784314,2218.46153846154,13.0,43.0,41.0,30.0,0,1496.6817496229269,-1443.559577677226,31.75,12.0,2.0,0.0212135946790143
929.882352941176,2242.15384615385,12.0,38.0,22.0,13.0,0,1586.018099547513,-1312.2714932126737,21.25,17.0,16.0,0.0133983338563722
898.56,2013.45454545455,18.0,36.0,38.0,19.0,1,1456.007272727275,-1114.89454545455,27.75,18.0,-2.0,0.0190589707343987
569.960784313726,1543.5,18.0,52.0,49.0,35.0,0,1056.730392156863,-973.539215686274,38.5,15.5,3.0,0.0364331340195319
735.137254901961,1435.17073170732,19.0,63.0,61.0,32.0,0,1085.1539933046406,-700.0334768053591,43.75,30.0,2.0,0.0403168585010934
640.5,1810.54054054054,15.0,52.0,37.0,25.0,1,1225.52027027027,-1170.04054054054,32.25,19.5,15.0,0.0263153542069617
1759.4223897058828,3539.0,10.0,14.0,31.0,20.0,1,2649.2111948529414,-1779.5776102941172,18.75,2.5,-17.0,0.0070775784265224
1565.09803921569,2482.09756097561,14.0,23.0,28.0,15.0,0,2023.5978000956504,-916.99952175992,20.0,10.5,-5.0,0.00988338690576
731.64,1041.80487804878,21.0,62.0,54.0,34.0,0,886.72243902439,-310.16487804878,42.75,24.0,8.0,0.0482112531707071
1021.64705882353,1966.82926829268,17.0,41.0,43.0,30.0,0,1494.238163558105,-945.18220946915,32.75,12.0,-2.0,0.0219175234568987
1003.29411764706,3721.59375,8.0,34.0,29.0,8.0,1,2362.44393382353,-2718.29963235294,19.75,23.5,5.0,0.0083599867566071
903.5,2026.884146341465,5.0,6.0,5.0,21.0,1,1465.1920731707326,-1123.384146341465,9.25,-15.5,1.0,0.0063131654677712
923.764705882353,1515.675,13.0,31.0,18.0,12.0,1,1219.7198529411764,-591.9102941176469,18.5,12.5,13.0,0.0151674173010915
1252.0,3680.63414634146,15.0,49.0,24.0,21.0,0,2466.31707317073,-2428.63414634146,27.25,15.5,25.0,0.0110488632205574
802.88,1472.56097560976,18.0,46.0,45.0,28.0,0,1137.72048780488,-669.6809756097599,34.25,17.5,1.0,0.0301040548773556
1194.96,2755.84615384615,7.0,17.0,9.0,8.0,1,1975.403076923075,-1560.88615384615,10.25,5.0,8.0,0.0051888144347534
661.44,1180.725,23.0,39.0,43.0,21.0,0,921.0825,-519.2849999999999,31.5,20.0,-4.0,0.0341988909787839
627.64,1275.89189189189,18.0,53.0,38.0,30.0,0,951.7659459459452,-648.2518918918901,34.75,15.5,15.0,0.0365110772748083
1287.0,2178.0,9.0,26.0,25.0,19.0,1,1732.5,-891.0,19.75,6.5,1.0,0.0113997113997048
972.5,1380.61538461538,21.0,58.0,56.0,36.0,0,1176.55769230769,-408.11538461538,42.75,21.0,2.0,0.0363348098265493
921.0,2691.6,13.0,29.0,26.0,12.0,0,1806.3,-1770.6,20.0,15.5,3.0,0.0110723578585998
1158.56,3022.5,4.0,18.0,14.0,9.0,1,2090.53,-1863.94,11.25,7.0,4.0,0.0053814104557191
1053.27659574468,3118.5,6.0,8.0,17.0,2.0,1,2085.88829787234,-2065.22340425532,8.25,10.5,-9.0,0.0039551494720073
815.686274509804,2124.0,20.0,47.0,47.0,21.0,0,1469.843137254902,-1308.313725490196,33.75,26.0,0.0,0.0229616338944909
1195.48,1855.17073170732,11.0,30.0,24.0,21.0,0,1525.32536585366,-659.6907317073201,21.5,6.0,6.0,0.0140953533464339
1275.59183673469,2150.16666666667,14.0,35.0,26.0,21.0,1,1712.87925170068,-874.57482993198,24.0,9.5,9.0,0.0140114955424656
894.739130434783,1914.70588235294,3.0,33.0,27.0,3.0,0,1404.7225063938615,-1019.9667519181572,16.5,27.0,6.0,0.0117460921462319
624.0,1154.46153846154,20.0,49.0,34.0,21.0,0,889.23076923077,-530.4615384615399,31.0,20.5,15.0,0.0348615916954625
1150.24,1559.25,4.0,32.0,30.0,4.0,1,1354.745,-409.01,17.5,27.0,2.0,0.0129175601312328
835.5,1937.12195121951,11.0,28.0,24.0,3.0,1,1386.3109756097551,-1101.62195121951,16.5,23.0,4.0,0.011902091442889
1134.5,3163.125,16.0,44.0,29.0,24.0,0,2148.8125,-2028.625,28.25,12.5,15.0,0.013146796195567
991.058823529412,3234.0,14.0,37.0,32.0,24.0,1,2112.529411764706,-2242.941176470588,26.75,10.5,5.0,0.0126625455962961
847.08,1811.38461538462,11.0,49.0,44.0,27.0,0,1329.23230769231,-964.30461538462,32.75,19.5,5.0,0.0246382816686368
974.0,1512.0,20.0,47.0,43.0,32.0,0,1243.0,-538.0,35.5,13.0,4.0,0.0285599356395586
1514.11764705882,3246.71052631579,4.0,41.0,14.0,12.0,1,2380.414086687305,-1732.59287925697,17.75,15.5,27.0,0.0074566858343097
836.078431372549,1316.92105263158,21.0,62.0,49.0,29.0,0,1076.4997420020643,-480.8426212590312,40.25,26.5,13.0,0.037389697767234
902.72,1943.84615384615,14.0,28.0,26.0,18.0,1,1423.283076923075,-1041.12615384615,21.5,9.0,2.0,0.0151059197910683
894.4,2360.4,19.0,42.0,40.0,23.0,0,1627.4,-1466.0,31.0,18.0,2.0,0.0190487894801406
582.4,1187.55,19.0,54.0,48.0,35.0,0,884.9749999999999,-605.15,39.0,16.0,6.0,0.0440690414982976
1185.6,2193.0,18.0,41.0,33.0,23.0,0,1689.3,-1007.4,28.75,14.0,8.0,0.0170188835612283
1221.0,2325.75,20.0,45.0,53.0,33.0,0,1773.375,-1104.75,37.75,16.0,-8.0,0.0212870938182723
880.816326530612,3883.86486486487,11.0,36.0,17.0,12.0,1,2382.340595697741,-3003.048538334258,19.0,14.5,19.0,0.0079753499706566
811.607843137255,2027.26829268293,18.0,33.0,35.0,19.0,0,1419.4380679100925,-1215.660449545675,26.25,15.0,-2.0,0.0184932337616044
999.5,2224.5,13.0,40.0,38.0,15.0,0,1612.0,-1225.0,26.5,24.0,2.0,0.0164392059553247
921.142857142857,2212.0,21.0,48.0,22.0,29.0,0,1566.5714285714284,-1290.8571428571431,30.0,6.0,26.0,0.019150100310037
1759.4223897058828,4345.9423076923085,4.0,2.0,11.0,5.0,1,3052.682348699096,-2586.5199179864258,5.5,1.5,-9.0,0.0018016941731071
661.96,1356.075,18.0,49.0,45.0,30.0,0,1009.0175,-694.115,35.5,17.0,4.0,0.035182739645214
1073.5,2352.0,12.0,47.0,38.0,21.0,0,1712.75,-1278.5,29.5,21.5,9.0,0.0172237629543031
1651.0,2926.0,7.0,22.0,12.0,8.0,1,2288.5,-1275.0,12.25,9.0,10.0,0.0053528512125823
585.5,1821.75,25.0,64.0,62.0,42.0,0,1203.625,-1236.25,48.25,21.0,2.0,0.0400872364731207
614.791666666667,1841.92105263158,16.0,39.0,42.0,19.0,1,1228.3563596491235,-1227.1293859649131,29.0,21.5,-3.0,0.0236087840244179
748.392156862745,1346.91666666667,23.0,69.0,44.0,14.0,0,1047.6544117647074,-598.524509803925,37.5,42.5,25.0,0.035794246250343
1355.05882352941,2700.5,9.0,26.0,24.0,7.0,1,2027.779411764705,-1345.44117647059,16.5,18.0,2.0,0.0081369797445731
981.0,2331.51219512195,13.0,44.0,46.0,23.0,0,1656.256097560975,-1350.5121951219498,31.5,22.0,-2.0,0.0190187979059327
739.96,1172.325,16.0,47.0,44.0,26.0,0,956.1425,-432.365,33.25,19.5,3.0,0.0347751511934311
759.958333333333,2045.64705882353,15.0,37.0,24.0,22.0,0,1402.8026960784314,-1285.688725490197,24.5,8.5,13.0,0.0174650362937516
734.117647058824,1628.55,21.0,44.0,47.0,33.0,0,1181.333823529412,-894.432352941176,36.25,12.5,-3.0,0.0306856531811363
888.0,2570.84210526316,16.0,45.0,42.0,23.0,1,1729.42105263158,-1682.8421052631602,31.5,20.5,3.0,0.0182141878937172
1004.0,3110.0,19.0,48.0,48.0,35.0,0,2057.0,-2106.0,37.5,13.0,0.0,0.0182304326689264
1461.2,1892.21052631579,4.0,57.0,49.0,27.0,0,1676.705263157895,-431.01052631579,34.25,26.0,8.0,0.0204269651634977
930.441176470588,2727.30769230769,16.0,26.0,43.0,17.0,1,1828.874434389139,-1796.866515837102,25.5,17.5,-17.0,0.0139430020566192
637.795918367347,1583.07692307692,21.0,48.0,43.0,26.0,0,1110.436420722133,-945.2810047095728,34.5,19.5,5.0,0.0310688656785348
1118.5652173913,2026.884146341465,15.0,39.0,6.0,21.0,0,1572.7246818663823,-908.3189289501652,20.25,1.5,33.0,0.0128757437544351
1323.45098039216,3222.15384615385,5.0,8.0,6.0,2.0,1,2272.802413273005,-1898.7028657616895,5.25,5.0,2.0,0.0023099236296732
642.0,1146.29268292683,22.0,62.0,54.0,37.0,0,894.146341463415,-504.2926829268299,43.75,21.0,8.0,0.0489293507909981
1759.4223897058828,3624.46875,3.0,11.0,4.0,21.0,1,2691.9455698529414,-1865.0463602941168,9.75,-13.5,7.0,0.003621915728604
908.0,1946.34146341463,20.0,30.0,26.0,19.0,0,1427.170731707315,-1038.34146341463,23.75,9.0,4.0,0.0166413166079796
838.117647058824,2226.0,20.0,41.0,38.0,31.0,0,1532.058823529412,-1387.882352941176,32.5,8.5,3.0,0.0212132846995446
846.274509803922,2768.59459459459,17.0,37.0,30.0,21.0,0,1807.434552199256,-1922.320084790668,26.25,12.5,7.0,0.0145233474529104
931.921568627451,1562.0,23.0,58.0,53.0,34.0,0,1246.9607843137255,-630.078431372549,42.0,21.5,5.0,0.0336818932305728
1126.5,1932.0,16.0,36.0,33.0,20.0,1,1529.25,-805.5,26.25,14.5,3.0,0.0171652770966047
803.0,1729.17073170732,22.0,41.0,39.0,28.0,0,1266.08536585366,-926.17073170732,32.5,12.0,2.0,0.0256696751076189
852.0,3596.52631578947,12.0,30.0,25.0,12.0,1,2224.263157894735,-2744.52631578947,19.75,15.5,5.0,0.0088793450225936
940.5,2258.025,19.0,52.0,47.0,30.0,0,1599.2625,-1317.525,37.0,19.5,5.0,0.0231356640951544
1213.33333333333,3478.46153846154,15.0,12.0,2.0,7.0,1,2345.897435897435,-2265.1282051282096,9.0,0.0,10.0,0.0038364848617318
1264.0,2451.0,11.0,26.0,28.0,21.0,0,1857.5,-1187.0,21.5,6.0,-2.0,0.0115746971736142
677.04,1702.65789473684,13.0,35.0,33.0,21.0,1,1189.84894736842,-1025.61789473684,25.5,13.0,2.0,0.0214312918092474
936.0,2524.30769230769,8.0,33.0,33.0,22.0,1,1730.153846153845,-1588.30769230769,24.0,11.0,0.0,0.0138715987906731
899.294117647059,2301.0,10.0,44.0,31.0,24.0,0,1600.1470588235295,-1401.705882352941,27.25,13.5,13.0,0.0170296847716096
793.52,1173.0,22.0,58.0,62.0,32.0,0,983.26,-379.48,43.5,28.0,-4.0,0.0442405874335941
872.04,1738.02631578947,17.0,45.0,17.0,14.0,0,1305.0331578947348,-865.9863157894699,23.25,17.0,28.0,0.0178156392880383
698.43137254902,1811.38461538462,23.0,48.0,49.0,37.0,0,1254.90799396682,-1112.9532428356,39.25,11.5,-1.0,0.031277193378853
1253.5,2338.0,16.0,45.0,46.0,25.0,0,1795.75,-1084.5,33.0,20.5,-1.0,0.0183767228177539
838.367346938776,2254.35,22.0,52.0,54.0,30.0,0,1546.358673469388,-1415.982653061224,39.5,23.0,-2.0,0.0255438797464451
813.511111111111,1294.26315789474,19.0,65.0,70.0,34.0,0,1053.8871345029256,-480.7520467836291,47.0,33.5,-5.0,0.0445968059208952
731.058823529412,1907.41463414634,17.0,48.0,45.0,28.0,1,1319.236728837876,-1176.355810616928,34.5,18.5,3.0,0.026151485359542
1759.4223897058828,2940.0,11.0,19.0,22.0,10.0,1,2349.7111948529414,-1180.5776102941172,15.5,10.5,-3.0,0.0065965553698455
999.5,2026.5,12.0,27.0,25.0,8.0,1,1513.0,-1027.0,18.0,18.0,2.0,0.0118968935888883
1040.5,2338.0,15.0,37.0,31.0,24.0,0,1689.25,-1297.5,26.75,10.0,6.0,0.0158354299245133
667.843137254902,1715.36842105263,20.0,46.0,42.0,31.0,0,1191.605779153766,-1047.5252837977282,34.75,13.0,4.0,0.0291623291930062
1363.375,2977.90243902439,6.0,18.0,11.0,4.0,1,2170.638719512195,-1614.52743902439,9.75,10.5,7.0,0.0044917654478155
889.5,2228.56097560976,13.0,33.0,31.0,14.0,0,1559.03048780488,-1339.06097560976,22.75,18.0,2.0,0.0145924022512333
1759.4223897058828,2575.0,7.0,15.0,15.0,8.0,1,2167.2111948529414,-815.5776102941172,11.25,7.0,0.0,0.005191003085769
891.28,1941.21951219512,14.0,26.0,29.0,22.0,0,1416.2497560975598,-1049.93951219512,22.75,5.5,-3.0,0.0160635508687895
766.0,2341.23076923077,12.0,31.0,34.0,21.0,1,1553.615384615385,-1575.23076923077,24.5,11.5,-3.0,0.0157696687626773
799.24,1123.5,22.0,64.0,53.0,39.0,0,961.37,-324.26,44.5,19.5,11.0,0.0462881096767672
1069.56862745098,2170.0,9.0,30.0,32.0,17.0,0,1619.78431372549,-1100.43137254902,22.0,14.0,-2.0,0.0135820552239986
776.941176470588,1430.0487804878,19.0,37.0,38.0,23.0,0,1103.494978479194,-653.1076040172121,29.25,14.5,-1.0,0.0265066906242609
1275.59183673469,2875.0,15.0,39.0,37.0,23.0,0,2075.295918367345,-1599.40816326531,28.5,15.0,2.0,0.0137329812812466
1158.04,1725.23076923077,11.0,35.0,30.0,15.0,1,1441.635384615385,-567.19076923077,22.75,17.5,5.0,0.0157806892385994
1093.0612244898,1582.875,19.0,38.0,36.0,21.0,0,1337.9681122449,-489.8137755102,28.5,16.0,2.0,0.0213009560834452
1085.88235294118,1498.5,20.0,45.0,42.0,26.0,0,1292.19117647059,-412.61764705882,33.25,17.5,3.0,0.0257314866448718
1759.4223897058828,3553.2,11.0,18.0,24.0,14.0,1,2656.3111948529413,-1793.777610294117,16.75,7.0,-6.0,0.0063057370809751
607.686274509804,1515.07317073171,23.0,51.0,48.0,33.0,0,1061.379722620757,-907.386896221906,38.75,16.5,3.0,0.0365090826347068
658.297872340426,1703.21052631579,16.0,37.0,32.0,17.0,0,1180.754199328108,-1044.912653975364,25.5,17.5,5.0,0.0215963661314851
980.2,3614.0487804878,12.0,24.0,26.0,15.0,1,2297.1243902439,-2633.8487804878,19.25,10.0,-2.0,0.0083800424921472
882.0,1596.0,24.0,50.0,45.0,34.0,0,1239.0,-714.0,38.25,13.5,5.0,0.0308716707021542
1052.0,2284.0,18.0,45.0,40.0,33.0,0,1668.0,-1232.0,34.0,9.5,5.0,0.0203836930455513
972.0,2331.0,14.0,41.0,35.0,23.0,0,1651.5,-1359.0,28.25,15.0,6.0,0.0171056615198201
1251.05882352941,2636.78048780488,16.0,42.0,33.0,23.0,1,1943.919655667145,-1385.7216642754702,28.5,14.5,9.0,0.0146610997614529
757.5,1542.73170731707,18.0,40.0,36.0,28.0,0,1150.115853658535,-785.23170731707,30.5,10.0,4.0,0.0265190675382419
1289.80392156863,2424.45,6.0,11.0,21.0,13.0,1,1857.1269607843149,-1134.64607843137,12.75,3.0,-10.0,0.0068654433806768
1069.12,3261.0,7.0,28.0,24.0,11.0,0,2165.06,-2191.88,17.5,15.0,4.0,0.0080829168706603
1548.0,2815.0,14.0,19.0,24.0,16.0,1,2181.5,-1267.0,18.25,5.5,-5.0,0.0083658033463175
1079.76470588235,637.5,15.0,39.0,3.0,21.0,0,858.632352941175,442.26470588235,19.5,0.0,36.0,0.0227105348793131
1575.91836734694,2815.07692307692,4.0,10.0,15.0,7.0,1,2195.49764521193,-1239.1585557299802,9.0,5.5,-5.0,0.004099298407185
757.56862745098,2303.36842105263,15.0,34.0,31.0,17.0,0,1530.4685242518049,-1545.79979360165,24.25,15.5,3.0,0.0158448211222371
702.509803921569,1377.075,18.0,40.0,30.0,26.0,0,1039.7924019607844,-674.5651960784311,28.5,9.0,10.0,0.0274093174235826
1638.72222222222,3754.8,6.0,26.0,22.0,19.0,1,2696.76111111111,-2116.0777777777803,18.25,5.0,4.0,0.0067673773271203
1710.46808510638,3418.39024390244,4.0,19.0,19.0,13.0,1,2564.42916450441,-1707.92215879606,13.75,6.0,0.0,0.0053618170430735
1212.44897959184,2699.025,18.0,55.0,48.0,31.0,0,1955.73698979592,-1486.57602040816,38.0,20.5,7.0,0.0194300154868706
962.509803921569,1758.0,6.0,33.0,10.0,10.0,1,1360.2549019607843,-795.490196078431,14.75,11.5,23.0,0.0108435558502507
750.285714285714,1572.66666666667,17.0,46.0,41.0,26.0,0,1161.476190476192,-822.3809523809559,32.5,17.5,5.0,0.0279816325693662
1602.5,2602.92307692308,15.0,34.0,27.0,10.0,0,2102.71153846154,-1000.42307692308,21.5,20.5,7.0,0.0102248927666608
1342.5,2542.61538461538,10.0,25.0,22.0,3.0,0,1942.55769230769,-1200.1153846153802,15.0,20.5,3.0,0.0077217783849563
1586.0,3100.62162162162,4.0,15.0,16.0,7.0,1,2343.31081081081,-1514.62162162162,10.5,8.5,-1.0,0.0044808396528339
1425.92156862745,3537.45,9.0,15.0,11.0,13.0,1,2481.685784313725,-2111.5284313725497,12.0,0.0,4.0,0.0048354227903648
757.25,1167.83333333333,15.0,48.0,44.0,30.0,0,962.541666666665,-410.5833333333301,34.25,16.0,4.0,0.0355828752001708
1759.4223897058828,2945.5,11.0,32.0,36.0,17.0,0,2352.4611948529414,-1186.0776102941172,24.0,17.0,-4.0,0.0102020811448454
752.5,1684.09756097561,7.0,37.0,32.0,21.0,0,1218.2987804878048,-931.59756097561,24.25,13.5,5.0,0.0199048052812385
739.96,1453.2,16.0,54.0,54.0,27.0,0,1096.58,-713.24,37.75,27.0,0.0,0.0344252129347294
655.0,1618.8,22.0,50.0,34.0,21.0,0,1136.9,-963.8,31.75,21.0,16.0,0.0279268185416237
1452.0,4074.0,14.0,18.0,17.0,16.0,0,2763.0,-2622.0,16.25,1.5,1.0,0.0058812884545762
1495.76470588235,3014.78048780488,3.0,15.0,4.0,21.0,1,2255.2725968436152,-1519.01578192253,10.75,-11.5,11.0,0.0047666078216178
656.76,1239.0,22.0,57.0,44.0,33.0,0,947.88,-582.24,39.0,17.5,13.0,0.0411444486643444
865.5,1490.46153846154,18.0,46.0,36.0,19.0,0,1177.98076923077,-624.9615384615399,29.75,22.0,10.0,0.0252550812178383
758.16,2303.53846153846,17.0,46.0,45.0,22.0,0,1530.84923076923,-1545.3784615384602,32.5,23.5,1.0,0.0212300462689248
836.5,1344.0,21.0,48.0,46.0,31.0,0,1090.25,-507.5,36.5,16.0,2.0,0.0334785599632804
612.56,1902.92307692308,17.0,27.0,29.0,5.0,0,1257.74153846154,-1290.36307692308,19.5,23.0,-2.0,0.0155039802723195
642.0,1084.46153846154,20.0,65.0,60.0,38.0,0,863.23076923077,-442.46153846153993,45.75,24.5,5.0,0.0529985742291312
592.392156862745,1184.61538461538,20.0,58.0,59.0,34.0,0,888.5037707390625,-592.223227752635,42.75,24.5,-1.0,0.0481145960296737
921.0,1673.0,21.0,64.0,55.0,36.0,0,1297.0,-752.0,44.0,23.5,9.0,0.033924441017707
774.901960784314,3168.78947368421,8.0,28.0,30.0,12.0,1,1971.8457172342617,-2393.887512899896,19.5,17.0,-2.0,0.0098892118331352
1333.64705882353,2698.76923076923,13.0,23.0,37.0,25.0,1,2016.20814479638,-1365.1221719457,24.5,5.0,-14.0,0.0121515231764239
698.36,2509.5,9.0,34.0,32.0,17.0,0,1603.93,-1811.14,23.0,16.0,2.0,0.0143397779204738
1740.66666666667,2026.884146341465,4.0,39.0,34.0,21.0,1,1883.775406504068,-286.2174796747952,24.5,15.5,5.0,0.0130057967183329
1093.01960784314,2463.65853658537,12.0,52.0,43.0,22.0,0,1778.3390722142549,-1370.6389287422298,32.25,25.5,9.0,0.0181348993023172
826.28,1294.82926829268,19.0,45.0,43.0,28.0,0,1060.55463414634,-468.5492682926799,33.75,16.0,2.0,0.031822971597436
956.041666666667,1942.83870967742,9.0,43.0,38.0,12.0,0,1449.4401881720437,-986.797043010753,25.5,28.5,5.0,0.0175929991510319
968.76,2536.0,18.0,49.0,53.0,31.0,0,1752.38,-1567.24,37.75,20.0,-4.0,0.0215421312728851
986.980392156863,4062.73170731707,10.0,23.0,11.0,6.0,1,2524.8560497369663,-3075.751315160207,12.5,11.0,12.0,0.004950777293342
1040.0,2132.55,13.0,30.0,29.0,21.0,1,1586.275,-1092.5500000000002,23.25,8.5,1.0,0.0146569794014186
992.078431372549,1631.0,11.0,31.0,36.0,13.0,1,1311.5392156862745,-638.921568627451,22.75,20.5,-5.0,0.0173460310815628
592.28,1621.97368421053,14.0,43.0,38.0,22.0,0,1107.126842105265,-1029.69368421053,29.25,18.5,5.0,0.0264197370053399
1759.4223897058828,4345.9423076923085,10.0,15.0,23.0,16.0,1,3052.682348699096,-2586.5199179864258,16.0,3.0,-8.0,0.005241292139948
841.957446808511,1622.25,15.0,41.0,27.0,22.0,0,1232.1037234042556,-780.292553191489,26.25,12.0,14.0,0.0213050244888887
1574.08333333333,3326.75,15.0,39.0,34.0,21.0,1,2450.416666666665,-1752.66666666667,27.25,15.5,5.0,0.0111205577282729
682.117647058824,1924.65,13.0,40.0,32.0,23.0,0,1303.383823529412,-1242.5323529411762,27.0,13.0,8.0,0.0207153100357394
1023.0,1813.875,18.0,39.0,42.0,26.0,0,1418.4375,-790.875,31.25,14.5,-3.0,0.0220312844238663
795.918367346939,1253.85365853659,14.0,41.0,41.0,23.0,0,1024.8860129417644,-457.935291189651,29.75,18.0,0.0,0.0290276183149173
964.549019607843,2607.23076923077,9.0,26.0,28.0,14.0,1,1785.8898944193063,-1642.6817496229269,19.25,13.0,-2.0,0.0107789399896058
997.176470588235,3266.78048780488,13.0,24.0,28.0,14.0,1,2131.9784791965576,-2269.604017216645,19.75,12.0,-4.0,0.009263695760866
700.408163265306,1927.33333333333,15.0,46.0,35.0,20.0,0,1313.8707482993182,-1226.925170068024,29.0,20.5,11.0,0.0220721863528171
1408.24489795918,3129.51219512195,5.0,20.0,17.0,6.0,1,2268.878546540565,-1721.26729716277,12.0,12.5,3.0,0.0052889565280131
912.6,2303.92105263158,21.0,48.0,45.0,28.0,0,1608.26052631579,-1391.3210526315802,35.5,18.5,3.0,0.0220735380985203
792.48,1504.65,15.0,45.0,39.0,16.0,0,1148.565,-712.1700000000001,28.75,26.0,6.0,0.0250312346275352
956.583333333333,1350.825,13.0,41.0,30.0,21.0,0,1153.7041666666664,-394.241666666667,26.25,14.5,11.0,0.0227527998584073
886.039215686275,1864.8,12.0,36.0,35.0,22.0,0,1375.4196078431376,-978.7607843137248,26.25,13.5,1.0,0.0190850849081211
1112.39215686275,1901.35135135135,11.0,28.0,26.0,14.0,0,1506.87175410705,-788.9591944886001,19.75,13.0,2.0,0.0131066230063423
629.098039215686,1830.86842105263,18.0,56.0,49.0,26.0,0,1229.983230134158,-1201.770381836944,37.25,26.5,7.0,0.0302849657518556
965.12,2695.17073170732,17.0,43.0,38.0,27.0,1,1830.14536585366,-1730.0507317073202,31.25,13.5,5.0,0.0170751463698112
870.235294117647,1762.2972972973,14.0,40.0,4.0,21.0,1,1316.2662957074735,-892.0620031796531,19.75,1.0,36.0,0.0150045625755156
614.823529411765,1047.78947368421,20.0,50.0,39.0,21.0,0,831.3065015479874,-432.965944272445,32.5,23.5,11.0,0.039095086997927
1184.5,2256.33333333333,5.0,29.0,27.0,12.0,1,1720.416666666665,-1071.8333333333298,18.25,16.0,2.0,0.0106078953741764
725.739130434783,2360.61538461538,13.0,43.0,28.0,7.0,1,1543.1772575250816,-1634.8762541805972,22.75,28.5,15.0,0.0147423116100552
1045.09803921569,1638.0,8.0,10.0,34.0,21.0,0,1341.549019607845,-592.90196078431,18.25,1.0,-24.0,0.0136036773410793
737.36,2788.39024390244,12.0,28.0,27.0,14.0,1,1762.87512195122,-2051.03024390244,20.25,13.5,1.0,0.0114869168824476
894.196078431373,2064.41666666667,15.0,52.0,42.0,14.0,1,1479.3063725490215,-1170.220588235297,30.75,33.0,10.0,0.0207867691038153
924.0,1800.225,19.0,34.0,41.0,29.0,0,1362.1125,-876.2249999999999,30.75,8.5,-7.0,0.022575227817069
644.163265306122,1290.45,20.0,47.0,6.0,21.0,0,967.306632653061,-646.2867346938781,23.5,5.5,41.0,0.0242942612060061
897.0,1408.44827586207,8.0,31.0,4.0,5.0,0,1152.7241379310349,-511.44827586207,12.0,12.5,27.0,0.0104101229471326
725.877551020408,1753.78378378378,16.0,46.0,40.0,24.0,0,1239.8306674020942,-1027.906232763372,31.5,19.0,6.0,0.0254066953078187
567.921568627451,1516.2,17.0,35.0,61.0,38.0,0,1042.0607843137254,-948.278431372549,37.75,10.0,-26.0,0.0362262936752052
708.627450980392,1398.71052631579,17.0,48.0,53.0,31.0,0,1053.668988648091,-690.083075335398,37.25,19.5,-5.0,0.0353526585685683
847.0,1411.5,18.0,51.0,38.0,28.0,0,1129.25,-564.5,33.75,16.5,13.0,0.0298870932034271
931.0,1873.5,20.0,46.0,39.0,27.0,0,1402.25,-942.5,33.0,15.5,7.0,0.0235336067034954
955.24,1787.21052631579,15.0,49.0,40.0,27.0,1,1371.225263157895,-831.97052631579,32.75,17.5,9.0,0.023883748994351
1759.4223897058828,4345.9423076923085,13.0,16.0,12.0,12.0,1,3052.682348699096,-2586.5199179864258,13.25,2.0,4.0,0.0043404450533944
1111.0,2287.5,9.0,28.0,26.0,12.0,0,1699.25,-1176.5,18.75,15.0,2.0,0.0110342798293299
1084.86274509804,2306.5,15.0,33.0,30.0,17.0,0,1695.68137254902,-1221.63725490196,23.75,14.5,3.0,0.0140061690742547
989.061224489796,2930.05263157895,6.0,11.0,18.0,13.0,1,1959.556928034373,-1940.9914070891537,12.0,1.5,-7.0,0.006123833315744
779.0,1226.5,16.0,51.0,44.0,33.0,0,1002.75,-447.5,36.0,14.5,7.0,0.0359012715033299
793.0,1851.6,18.0,38.0,36.0,30.0,0,1322.3,-1058.6,30.5,7.0,2.0,0.0230658700748521
1240.5,2685.84615384615,8.0,33.0,41.0,21.0,1,1963.173076923075,-1445.3461538461502,25.75,16.0,-8.0,0.0131165205465966
625.106382978723,1459.78378378378,21.0,65.0,49.0,29.0,0,1042.4450833812516,-834.6774008050571,41.0,28.0,16.0,0.039330609020644
565.76,1316.0,20.0,40.0,43.0,34.0,0,940.88,-750.24,34.25,7.5,-3.0,0.0364020916588338
1087.75510204082,2597.53846153846,12.0,28.0,24.0,11.0,1,1842.64678178964,-1509.78335949764,18.75,15.0,4.0,0.010175580141181
1246.98039215686,2661.0,10.0,19.0,28.0,12.0,1,1953.99019607843,-1414.01960784314,17.25,11.5,-9.0,0.0088280893295222
1664.0,4254.48648648649,8.0,7.0,34.0,21.0,0,2959.243243243245,-2590.4864864864903,17.5,-0.5,-27.0,0.0059136740583766
1158.625,2031.225,11.0,28.0,26.0,18.0,0,1594.925,-872.5999999999999,20.75,9.0,2.0,0.0130100161449516
650.0,2069.26829268293,21.0,52.0,51.0,37.0,0,1359.634146341465,-1419.2682926829302,40.25,14.5,1.0,0.0296035518880399
839.28,1832.92307692308,16.0,42.0,37.0,16.0,0,1336.10153846154,-993.64307692308,27.75,23.5,5.0,0.0207693795727023
1213.33333333333,2438.0487804878,14.0,41.0,38.0,15.0,0,1825.6910569105648,-1224.7154471544698,27.0,24.5,3.0,0.0147889205557454
718.823529411765,1484.34146341463,7.0,28.0,24.0,4.0,1,1101.5824964131975,-765.517934002865,15.75,22.0,4.0,0.0142976127991034
1020.89795918367,1824.0,17.0,38.0,24.0,15.0,0,1422.448979591835,-803.10204081633,23.5,16.0,14.0,0.0165208034433169
