NC,DM,NS,ADD,SUB,CA,NP,SN,AF,BC,AS,PF,Label
1248.0,2903.38461538462,5,23,17,8,2075.69230769231,-1655.3846153846198,13.25,12.0,6,0.006383412392528899,1
921.142857142857,2212.0,21,48,22,29,1566.5714285714284,-1290.8571428571431,30.0,6.0,26,0.019150100310049243,0
902.72,1943.84615384615,14,28,26,18,1423.283076923075,-1041.12615384615,21.5,9.0,2,0.015105919791078934,1
1334.29787234043,3707.26829268293,9,17,10,21,2520.7830825116803,-2372.9704203425,14.25,-7.5,7,0.00565300525017863,1
1274.50980392157,2384.91891891892,16,34,37,16,1829.714361420245,-1110.4091149973501,25.75,19.5,-3,0.01407323489553449,0
1150.5,2817.07317073171,12,33,24,14,1983.786585365855,-1666.57317073171,20.75,14.5,9,0.010459794492547811,0
637.795918367347,1583.07692307692,21,48,43,26,1110.4364207221333,-945.2810047095729,34.5,19.5,5,0.03106886567856279,0
1565.09803921569,2482.09756097561,14,23,28,15,2023.5978000956502,-916.9995217599201,20.0,10.5,-5,0.009883386905764896,0
1793.48,3539.0,10,14,31,20,2666.24,-1745.52,18.75,2.5,-17,0.007032375180028805,0
1251.05882352941,2636.78048780488,16,42,33,23,1943.919655667145,-1385.7216642754702,28.5,14.5,9,0.014661099761460522,0
1185.6,2193.0,18,41,33,23,1689.3,-1007.4000000000001,28.75,14.0,8,0.017018883561238384,0
1344.0,3960.83333333333,8,21,25,12,2652.416666666665,-2616.83333333333,16.5,11.0,-4,0.006220742090546361,1
1126.5,1932.0,16,36,33,20,1529.25,-805.5,26.25,14.5,3,0.01716527709661599,1
1686.43137254902,2593.24390243902,13,31,26,17,2139.83763749402,-906.8125298900002,21.75,11.5,5,0.010164322572375907,0
612.326530612245,1454.0,20,56,58,32,1033.1632653061224,-841.673469387755,41.5,25.0,-2,0.040167901234567906,0
825.882352941176,3000.72972972973,17,35,37,17,1913.306041335453,-2174.847376788554,26.5,19.0,-2,0.013850371779259883,0
1184.5,2256.33333333333,5,29,27,12,1720.416666666665,-1071.8333333333298,18.25,16.0,2,0.010607895374182622,1
980.2,3614.0487804878,12,24,26,15,2297.1243902439,-2633.8487804877996,19.25,10.0,-2,0.008380042492150852,1
847.08,1811.38461538462,11,49,44,27,1329.23230769231,-964.30461538462,32.75,19.5,5,0.02463828166865543,0
1073.5,2352.0,12,47,38,21,1712.75,-1278.5,29.5,21.5,9,0.01722376295431324,0
567.921568627451,1516.2,17,35,61,38,1042.0607843137254,-948.278431372549,37.75,10.0,-26,0.03622629367524005,0
629.098039215686,1830.86842105263,18,56,49,26,1229.983230134158,-1201.7703818369441,37.25,26.5,7,0.030284965751880236,0
798.2,1751.5,21,64,69,38,1274.85,-953.3,48.0,28.5,-5,0.037651488410401224,0
951.294117647059,2147.12195121951,17,41,37,29,1549.2080344332844,-1195.8278335724508,31.0,10.0,4,0.020010224134514063,0
1710.46808510638,3418.39024390244,4,19,19,13,2564.42916450441,-1707.92215879606,13.75,6.0,0,0.005361817043075652,1
1675.44,2805.29268292683,8,14,14,6,2240.3663414634148,-1129.8526829268299,10.5,8.0,0,0.004686733506780576,1
899.294117647059,2301.0,10,44,31,24,1600.1470588235295,-1401.705882352941,27.25,13.5,13,0.017029684771620254,0
1093.01960784314,2463.65853658537,12,52,43,22,1778.3390722142549,-1370.6389287422298,32.25,25.5,9,0.018134899302327485,0
992.078431372549,1631.0,11,31,36,13,1311.5392156862745,-638.921568627451,22.75,20.5,-5,0.017346031081576056,1
774.901960784314,3168.78947368421,8,28,30,12,1971.8457172342619,-2393.887512899896,19.5,17.0,-2,0.009889211833140257,1
647.5,1675.275,20,46,46,33,1161.3875,-1027.775,36.25,13.0,0,0.031212665884556186,0
1840.8,2940.0,11,19,22,10,2390.4,-1099.2,15.5,10.5,-3,0.0064842704149933065,1
1495.76470588235,3014.78048780488,3,15,4,21,2255.2725968436152,-1519.01578192253,10.75,-11.5,11,0.004766607821619989,1
882.916666666667,2332.05,8,26,20,15,1607.4833333333336,-1449.1333333333332,17.25,8.0,6,0.010731059938413046,1
1199.56862745098,3297.0,8,18,14,9,2248.28431372549,-2097.43137254902,12.25,7.0,4,0.005448599149678404,1
1586.0,3100.62162162162,4,15,16,7,2343.31081081081,-1514.6216216216199,10.5,8.5,-1,0.004480839652835848,1
901.0,1958.25,12,30,30,23,1429.625,-1057.25,23.75,7.0,0,0.01661274809827752,1
1450.69387755102,2711.0,5,23,29,11,2080.84693877551,-1260.30612244898,17.0,15.0,-6,0.008169750346944681,1
1158.56,3022.5,4,18,14,9,2090.5299999999997,-1863.94,11.25,7.0,4,0.005381410455721755,1
1425.92156862745,3537.45,9,15,11,13,2481.685784313725,-2111.5284313725497,12.0,0.0,4,0.004835422790366843,1
1194.96,2755.84615384615,7,17,9,8,1975.403076923075,-1560.8861538461501,10.25,5.0,8,0.005188814434756066,1
930.8,2380.73684210526,12,31,27,16,1655.76842105263,-1449.9368421052602,21.5,13.0,4,0.01298490762756044,1
1575.91836734694,2815.07692307692,4,10,15,7,2195.49764521193,-1239.1585557299802,9.0,5.5,-5,0.004099298407186967,1
1594.5,3403.13513513514,9,13,13,4,2498.81756756757,-1808.63513513514,9.75,9.0,0,0.0039018454674508173,1
1165.32,3084.9,6,18,26,8,2125.11,-1919.5800000000002,14.5,14.0,-8,0.006823176212054905,1
1651.0,2926.0,7,22,12,8,2288.5,-1275.0,12.25,9.0,10,0.005352851212584662,1
1574.08333333333,3326.75,15,39,35,21,2450.416666666665,-1752.66666666667,27.5,16.0,4,0.011222581193674553,1
1040.0,2132.55,13,30,29,21,1586.275,-1092.5500000000002,23.25,8.5,1,0.014656979401427872,1
1355.05882352941,2700.5,9,26,24,7,2027.779411764705,-1345.44117647059,16.5,18.0,2,0.008136979744577163,1
989.061224489796,2930.05263157895,6,11,18,13,1959.556928034373,-1940.9914070891537,12.0,1.5,-7,0.006123833315747133,1
1092.5,2574.6,14,30,24,16,1833.55,-1482.1,21.0,11.0,6,0.01145319189550326,1
1165.41176470588,2165.625,8,17,17,12,1665.51838235294,-1000.2132352941201,13.5,5.0,0,0.008105584509327388,1
1333.64705882353,2698.76923076923,13,23,37,25,2016.20814479638,-1365.1221719457,24.5,5.0,-14,0.012151523176429927,1
1111.0,2287.5,9,28,26,12,1699.25,-1176.5,18.75,15.0,2,0.011034279829336472,0
1342.5,2542.61538461538,10,25,22,3,1942.55769230769,-1200.1153846153802,15.0,20.5,3,0.007721778384960361,0
1050.83333333333,1852.30769230769,11,27,30,12,1451.57051282051,-801.47435897436,20.0,16.5,-3,0.013778180132040919,0
766.133333333333,1445.02702702703,11,35,32,19,1105.5801801801815,-678.8936936936971,24.25,14.5,3,0.02193418481511478,0
1045.09803921569,1638.0,8,10,35,21,1341.549019607845,-592.90196078431,18.5,1.5,-25,0.013790029085487931,0
592.28,1621.97368421053,14,43,38,22,1107.126842105265,-1029.6936842105301,29.25,18.5,5,0.026419737005363767,0
1093.0612244898,1582.875,19,38,36,21,1337.9681122449,-489.8137755102,28.5,16.0,2,0.021300956083461123,0
956.583333333333,1350.825,13,41,30,21,1153.7041666666664,-394.241666666667,26.25,14.5,11,0.022752799858427028,0
661.44,1180.725,23,39,43,21,921.0825,-519.2849999999999,31.5,20.0,-4,0.03419889097882112,0
1052.0,2284.0,18,45,40,33,1668.0,-1232.0,34.0,9.5,5,0.02038369304556355,0
936.0,2524.30769230769,8,33,33,22,1730.153846153845,-1588.30769230769,24.0,11.0,0,0.01387159879068114,0
732.078431372549,1713.38461538462,4,29,26,12,1222.7315233785844,-981.3061840120711,17.75,15.5,3,0.014516678159203893,1
1040.5,2338.0,15,37,31,24,1689.25,-1297.5,26.75,10.0,6,0.015835429924522717,0
698.36,2509.5,9,34,32,17,1603.93,-1811.1399999999999,23.0,16.0,2,0.014339777920482813,0
644.163265306122,1290.45,20,47,6,21,967.306632653061,-646.2867346938781,23.5,5.5,41,0.02429426120603127,0
757.25,1167.83333333333,15,48,44,30,962.541666666665,-410.5833333333301,34.25,16.0,4,0.03558287520020784,0
757.5,1542.73170731707,18,40,36,28,1150.115853658535,-785.23170731707,30.5,10.0,4,0.026519067538265006,0
1809.80392156863,2945.5,11,32,36,17,2377.6519607843147,-1135.69607843137,24.0,17.0,-4,0.010093992054279943,0
766.0,2341.23076923077,12,31,35,21,1553.615384615385,-1575.23076923077,24.75,12.0,-4,0.015930583750061886,0
975.0,1730.84210526316,13,24,31,20,1352.92105263158,-755.84210526316,22.0,7.5,-7,0.016261111435295933,0
882.0,1596.0,24,50,45,34,1239.0,-714.0,38.25,13.5,5,0.030871670702179176,0
752.5,1684.09756097561,7,37,32,21,1218.2987804878048,-931.5975609756099,24.25,13.5,5,0.01990480528125485,0
955.102040816327,2185.65789473684,9,39,24,24,1570.3799677765833,-1230.5558539205128,24.0,7.5,15,0.0152829254654721,1
870.745098039216,2312.27027027027,18,51,46,24,1591.507684154743,-1441.525172231054,34.75,24.5,5,0.0218346416708983,0
835.5,1937.12195121951,11,28,24,3,1386.3109756097551,-1101.62195121951,16.5,23.0,4,0.011902091442897679,1
931.0,1873.5,20,46,39,27,1402.25,-942.5,33.0,15.5,7,0.023533606703512212,0
569.960784313726,1543.5,18,52,49,35,1056.730392156863,-973.539215686274,38.5,15.5,3,0.03643313401956645,0
718.823529411765,1484.34146341463,7,28,24,4,1101.5824964131975,-765.517934002865,15.75,22.0,4,0.014297612799116465,1
725.739130434783,2360.61538461538,13,43,28,7,1543.1772575250816,-1634.8762541805972,22.75,28.5,15,0.01474231161006482,0
1053.27659574468,3118.5,6,8,17,2,2085.88829787234,-2065.22340425532,8.25,10.5,-9,0.0039551494720092215,1
841.957446808511,1622.25,15,41,27,22,1232.1037234042556,-780.292553191489,26.25,12.0,14,0.021305024488906057,0
1240.5,2348.92682926829,12,35,30,15,1794.713414634145,-1108.42682926829,23.0,17.5,5,0.012815416552000634,1
972.5,1380.61538461538,21,58,56,36,1176.55769230769,-408.11538461538,42.75,21.0,2,0.03633480982658022,0
1514.11764705882,3246.71052631579,4,41,14,12,2380.414086687305,-1732.59287925697,17.75,15.5,27,0.007456685834312855,1
702.509803921569,1377.075,18,40,30,26,1039.7924019607844,-674.5651960784311,28.5,9.0,10,0.02740931742360902,0
700.916666666667,1542.15384615385,16,27,25,19,1121.5352564102586,-841.2371794871831,21.75,7.0,2,0.019393059536635584,1
582.4,1187.55,19,54,48,35,884.9749999999999,-605.15,39.0,16.0,6,0.044069041498347415,0
725.877551020408,1753.78378378378,16,46,40,24,1239.8306674020942,-1027.9062327633721,31.5,19.0,6,0.025406695307839258,0
826.28,1294.82926829268,19,45,43,28,1060.55463414634,-468.5492682926799,33.75,16.0,2,0.03182297159746607,0
811.607843137255,2027.26829268293,18,33,35,19,1419.4380679100925,-1215.660449545675,26.25,15.0,-2,0.018493233761617475,0
974.0,1512.0,20,47,43,32,1243.0,-538.0,35.5,13.0,4,0.028559935639581657,0
1090.47058823529,1687.35,17,32,39,13,1388.910294117645,-596.8794117647099,25.25,22.5,-7,0.018179719818435768,1
985.960784313726,2028.075,10,41,32,12,1507.0178921568631,-1042.114215686274,23.75,24.5,9,0.015759600548609743,0
699.4,1496.92307692308,16,42,45,23,1098.16153846154,-797.5230769230801,31.5,20.5,-3,0.02868430453695333,0
533.254901960784,1212.225,23,54,55,37,872.739950980392,-678.9700980392159,42.25,17.5,-1,0.048410755062305195,1
780.0,1703.56097560976,18,43,37,25,1241.78048780488,-923.5609756097599,30.75,15.0,6,0.024762830711213206,1
1428.0,2342.5,16,32,30,26,1885.25,-914.5,26.0,5.0,2,0.013791274366794854,1
788.32,1872.58536585366,23,48,50,30,1330.45268292683,-1084.2653658536601,37.75,19.0,-2,0.02837380125158206,1
803.877551020408,1526.0,15,42,36,24,1164.9387755102039,-722.122448979592,29.25,15.0,6,0.02510861567569462,1
987.0,1699.46341463415,8,43,33,24,1343.231707317075,-712.46341463415,27.0,14.0,10,0.02010077624948928,1
711.020408163265,1240.0,13,42,39,14,975.5102040816325,-528.979591836735,27.0,26.5,3,0.02767782426778243,0
888.078431372549,1392.0,19,50,42,28,1140.0392156862745,-503.92156862745105,34.75,18.0,8,0.030481407588318257,0
1244.5,1929.5,17,46,41,32,1587.0,-685.0,34.0,11.5,5,0.02142407057340895,0
745.702127659574,1984.5,12,44,37,22,1365.101063829787,-1238.797872340426,28.75,18.5,7,0.02106071173905759,1
992.68,1753.0,9,33,33,27,1372.84,-760.32,25.5,6.0,0,0.018574633606246907,0
595.450980392157,1105.65,23,62,61,37,850.5504901960785,-510.19901960784307,45.75,24.5,1,0.05378869394273489,1
739.96,1453.2,16,54,54,27,1096.58,-713.24,37.75,27.0,0,0.03442521293476081,0
707.0,1237.46341463415,19,50,50,29,972.231707317075,-530.46341463415,37.0,21.0,0,0.03805677157156648,1
510.823529411765,1225.18421052632,21,62,60,33,868.0038699690424,-714.360681114555,44.0,28.0,2,0.05069101823424966,0
802.88,1472.56097560976,18,46,45,28,1137.72048780488,-669.6809756097599,34.25,17.5,1,0.030104054877382068,0
912.6,2303.92105263158,21,48,45,28,1608.26052631579,-1391.3210526315802,35.5,18.5,3,0.022073538098534042,0
1158.56,1816.21621621622,13,44,37,25,1487.38810810811,-657.65621621622,29.75,15.5,7,0.020001504541972335,1
765.0,1854.3,23,55,54,34,1309.65,-1089.3,41.5,20.5,1,0.031687855533921276,0
852.681818181818,2034.16216216216,13,37,32,19,1443.421990171989,-1181.480343980342,25.25,15.5,5,0.01749315181002014,0
599.659574468085,1736.75675675676,12,46,46,30,1168.2081656124226,-1137.097182288675,33.5,16.0,0,0.028676396027790072,0
1080.0,2508.0,13,32,28,15,1794.0,-1428.0,22.0,15.0,4,0.012263099219620958,1
1248.0,1768.30769230769,11,30,23,18,1508.153846153845,-520.3076923076901,20.5,8.5,7,0.013592777721105793,1
1213.33333333333,2438.0487804878,14,41,38,15,1825.6910569105648,-1224.7154471544698,27.0,24.5,3,0.014788920555753508,0
1085.88235294118,1498.5,20,45,42,26,1292.19117647059,-412.61764705882,33.25,17.5,3,0.02573148664489179,0
795.918367346939,1253.85365853659,14,41,41,23,1024.8860129417644,-457.935291189651,29.75,18.0,0,0.029027618314945665,0
713.96,1065.75,20,50,40,31,889.855,-351.78999999999996,35.25,14.0,10,0.03961319540824067,1
1237.0,1980.46153846154,19,43,38,19,1608.73076923077,-743.4615384615399,29.75,21.5,5,0.018492839553398515,1
686.0,916.829268292683,21,59,53,29,801.4146341463415,-230.82926829268297,40.5,27.0,6,0.05053563820074258,0
678.039215686275,1032.15,13,51,48,27,855.0946078431375,-354.11078431372505,34.75,22.5,3,0.04063877807351897,1
1195.48,1855.17073170732,11,30,24,21,1525.32536585366,-659.6907317073201,21.5,6.0,6,0.014095353346443143,0
921.0,1673.0,21,64,55,36,1297.0,-752.0,44.0,23.5,9,0.03392444101773323,0
735.137254901961,1435.17073170732,19,63,61,32,1085.1539933046406,-700.0334768053591,43.75,30.0,2,0.040316858501130586,0
661.96,1356.075,18,49,45,30,1009.0175,-694.115,35.5,17.0,4,0.03518273964524896,0
972.0,2331.0,14,41,35,23,1651.5,-1359.0,28.25,15.0,6,0.017105661519830458,0
836.5,1344.0,21,48,46,31,1090.25,-507.5,36.5,16.0,2,0.033478559963311165,0
686.612244897959,1398.6,15,39,35,21,1042.6061224489795,-711.9877551020409,27.5,16.0,4,0.026376211886618504,1
959.450980392157,1569.0,22,60,49,39,1264.2254901960785,-609.549019607843,42.5,15.5,11,0.03361742057060434,0
1349.96078431373,1520.4,15,40,28,13,1435.180392156865,-170.43921568627002,24.0,21.0,12,0.016722636493055432,0
835.5,1492.5,27,58,60,40,1164.0,-657.0,46.25,19.0,-2,0.039733676975945015,1
821.803921568628,1155.51219512195,22,46,50,35,988.658058345289,-333.7082735533221,38.25,13.0,-4,0.038688806182411335,0
1212.12,2315.775,14,33,33,13,1763.9475,-1103.6550000000002,23.25,20.0,0,0.013180664390521827,1
540.0,1276.8,20,53,50,33,908.4,-736.8,39.0,18.5,3,0.042932628797886396,1
632.5,1866.23684210526,19,46,47,31,1249.3684210526299,-1233.73684210526,35.75,15.5,-1,0.02861445783132534,1
1158.04,1725.23076923077,11,35,30,15,1441.635384615385,-567.19076923077,22.75,17.5,5,0.01578068923861042,1
1124.62745098039,1983.21951219512,16,44,33,14,1553.9234815877548,-858.5920612147299,26.75,24.5,11,0.017214489849054607,1
923.764705882353,1515.675,13,31,18,12,1219.7198529411764,-591.9102941176469,18.5,12.5,13,0.01516741730110398,1
757.56862745098,2303.36842105263,15,34,31,17,1530.4685242518049,-1545.79979360165,24.25,15.5,3,0.015844821122247527,0
640.5,1810.54054054054,15,52,37,25,1225.52027027027,-1170.04054054054,32.25,19.5,15,0.026315354206983253,1
725.960784313726,1106.0,22,56,52,34,915.980392156863,-380.039215686274,41.0,20.0,4,0.04476078347425879,1
677.04,1702.65789473684,13,35,33,21,1189.8489473684199,-1025.61789473684,25.5,13.0,2,0.021431291809265503,1
1082.0,1927.0,19,43,47,30,1504.5,-845.0,34.75,15.0,-4,0.023097374543037553,1
643.914893617021,1355.35135135135,17,44,42,21,999.6331224841856,-711.4364577343291,31.0,22.0,2,0.031011377377094092,1
854.127659574468,3091.42105263158,16,32,26,15,1972.774356103024,-2237.293393057112,22.25,14.0,6,0.011278532656898568,1
953.0,1872.675,19,42,38,22,1412.8375,-919.675,30.25,18.0,4,0.02141081334548382,1
809.5,1672.26315789474,20,54,41,30,1240.8815789473701,-862.7631578947401,36.25,17.5,13,0.029213101890633742,0
1150.24,1559.25,4,32,30,4,1354.745,-409.01,17.5,27.0,2,0.012917560131242413,1
931.921568627451,1562.0,23,58,53,34,1246.9607843137255,-630.078431372549,42.0,21.5,5,0.03368189323059989,0
592.392156862745,1184.61538461538,20,58,59,34,888.5037707390625,-592.223227752635,42.75,24.5,-1,0.04811459602972794,0
682.117647058824,1924.65,13,40,32,23,1303.383823529412,-1242.5323529411762,27.0,13.0,8,0.020715310035755344,0
739.96,1172.325,16,47,44,26,956.1425,-432.365,33.25,19.5,3,0.034775151193467496,0
779.0,1226.5,16,51,44,33,1002.75,-447.5,36.0,14.5,7,0.03590127150336574,0
654.775510204082,1316.7,14,50,43,31,985.7377551020411,-661.924489795918,34.5,15.5,7,0.03499916668650745,0
991.058823529412,3234.0,14,37,32,24,2112.529411764706,-2242.941176470588,26.75,10.5,5,0.012662545596302175,0
687.96,1195.0,23,58,51,31,941.48,-507.03999999999996,40.75,23.5,7,0.04328291625950631,0
654.588235294118,1228.5,22,58,47,36,941.544117647059,-573.911764705882,40.75,16.5,11,0.043279968762202255,1
1029.29411764706,2998.8,12,45,23,10,2014.04705882353,-1969.5058823529403,22.5,24.0,22,0.011171536385620988,1
870.745098039216,2054.76923076923,14,38,36,19,1462.757164404223,-1184.0241327300141,26.75,18.0,2,0.018287382657185755,1
886.039215686275,1864.8,12,36,35,22,1375.4196078431376,-978.7607843137249,26.25,13.5,1,0.019085084908134983,0
761.647058823529,1256.92682926829,20,47,37,26,1009.2869440459095,-495.27977044476097,32.5,16.0,10,0.032200951564594564,0
776.941176470588,1430.0487804878,19,37,38,23,1103.494978479194,-653.1076040172121,29.25,14.5,-1,0.02650669062428497,0
813.511111111111,1294.26315789474,19,65,71,34,1053.8871345029256,-480.7520467836291,47.25,34.0,-6,0.04483402297370851,0
889.5,2228.56097560976,13,33,31,14,1559.03048780488,-1339.0609756097601,22.75,18.0,2,0.014592402251242741,0
997.176470588235,3266.78048780488,13,24,28,14,2131.9784791965576,-2269.604017216645,19.75,12.0,-4,0.009263695760870366,1
739.916666666667,1281.53846153846,14,44,39,26,1010.7275641025635,-541.6217948717931,30.75,15.5,5,0.030423628574237287,0
1053.0,1370.92307692308,17,51,50,18,1211.96153846154,-317.9230769230801,34.0,32.5,1,0.028053695534892543,0
692.64,1192.57894736842,8,45,39,4,942.6094736842099,-499.9389473684199,24.0,38.0,6,0.02546123359676778,0
923.8823529411766,2194.21621621622,8,21,22,9,1559.0492845786982,-1270.3338632750433,15.0,12.5,-1,0.0096212481211288,1
1069.12,3261.0,7,28,24,11,2165.06,-2191.88,17.5,15.0,4,0.008082916870664092,0
999.5,2026.5,12,27,25,8,1513.0,-1027.0,18.0,18.0,2,0.011896893588896233,1
805.5,1807.65789473684,15,29,33,27,1306.57894736842,-1002.15789473684,26.0,4.0,-4,0.019899295065458227,0
1078.0,2446.76923076923,17,33,35,21,1762.384615384615,-1368.76923076923,26.5,13.0,-2,0.015036445375583784,0
2130.375,4784.4,4,2,11,5,3457.3875,-2654.0249999999996,5.5,1.5,-9,0.0015907965190479806,1
1275.59183673469,2875.0,15,39,37,23,2075.295918367345,-1599.40816326531,28.5,15.0,2,0.013732981281253238,0
968.76,2536.0,18,49,53,31,1752.38,-1567.24,37.75,20.0,-4,0.02154213127289743,0
1120.65306122449,2451.89189189189,2,40,42,25,1786.27247655819,-1331.2388306673997,27.25,16.0,-2,0.015255231414921428,1
708.627450980392,1398.71052631579,17,48,53,31,1053.668988648091,-690.083075335398,37.25,19.5,-5,0.03535265856860187,0
894.4,2360.4,19,42,40,23,1627.4,-1466.0,31.0,18.0,2,0.01904878948015239,0
1461.2,1892.21052631579,4,57,49,27,1676.705263157895,-431.01052631579,34.25,26.0,8,0.020426965163509888,0
698.43137254902,1811.38461538462,23,48,49,37,1254.90799396682,-1112.9532428356001,39.25,11.5,-1,0.031277193378877924,0
1265.70212765957,2723.63636363636,4,27,23,15,1994.669245647965,-1457.93423597679,17.25,10.0,4,0.00864805031592913,1
898.56,2013.45454545455,18,36,38,19,1456.007272727275,-1114.89454545455,27.75,18.0,-2,0.019058970734411887,1
1045.09803921569,2849.82352941176,18,37,42,21,1947.460784313725,-1804.7254901960698,29.5,18.5,-5,0.015147930185611232,0
1080.27450980392,2822.0,9,21,14,11,1951.13725490196,-1741.72549019608,13.75,6.5,7,0.0070471720866664015,1
921.0,2691.6,13,29,26,12,1806.3,-1770.6,20.0,15.5,3,0.01107235785860599,0
908.0,1946.34146341463,20,30,26,19,1427.170731707315,-1038.34146341463,23.75,9.0,4,0.01664131660799127,0
928.5,3027.07317073171,14,33,26,14,1977.786585365855,-2098.57317073171,21.75,15.5,7,0.01099714203793967,0
821.6,2224.92307692308,14,36,24,12,1523.2615384615399,-1403.32307692308,21.5,18.0,12,0.014114450773643586,0
1253.5,2338.0,16,45,46,25,1795.75,-1084.5,33.0,20.5,-1,0.018376722817764167,0
1452.0,4074.0,14,18,17,16,2763.0,-2622.0,16.25,1.5,1,0.005881288454578357,0
1327.52941176471,2745.75,18,35,35,18,2036.639705882355,-1418.22058823529,26.5,17.0,0,0.01301162887253007,0
1343.8431372549,2648.0487804878,16,36,39,22,1995.9459588713498,-1304.2056432328998,28.25,15.5,-3,0.014153689820326882,0
1112.39215686275,1901.35135135135,11,28,26,14,1506.87175410705,-788.9591944886001,19.75,13.0,2,0.013106623006351034,0
658.297872340426,1703.21052631579,16,37,32,17,1180.754199328108,-1044.912653975364,25.5,17.5,5,0.02159636613150343,0
1229.58333333333,2728.34210526316,15,43,31,20,1978.9627192982452,-1498.7587719298301,27.25,17.0,12,0.013769839994592243,0
956.041666666667,1942.83870967742,9,43,38,12,1449.4401881720435,-986.797043010753,25.5,28.5,5,0.017592999151044127,0
1645.13725490196,2515.90243902439,8,17,27,13,2080.519846963175,-870.7651841224299,16.25,9.0,-10,0.007810547937679742,1
1084.86274509804,2306.5,15,33,30,17,1695.6813725490201,-1221.63725490196,23.75,14.5,3,0.014006169074263046,0
759.958333333333,2045.64705882353,15,37,24,22,1402.8026960784314,-1285.688725490197,24.5,8.5,13,0.017465036293764148,0
880.816326530612,3883.86486486487,11,36,17,12,2382.340595697741,-3003.048538334258,19.0,14.5,19,0.007975349970659957,1
731.058823529412,1907.41463414634,17,48,45,28,1319.236728837876,-1176.355810616928,34.5,18.5,3,0.026151485359561865,1
1638.72222222222,3754.8,6,26,22,19,2696.76111111111,-2116.0777777777803,18.25,5.0,4,0.0067673773271228685,1
1289.80392156863,2424.45,6,11,21,13,1857.1269607843149,-1134.64607843137,12.75,3.0,-10,0.006865443380680516,1
964.549019607843,2607.23076923077,9,26,28,14,1785.8898944193065,-1642.6817496229269,19.25,13.0,-2,0.01077893998961188,1
1363.375,2977.90243902439,6,18,11,4,2170.638719512195,-1614.5274390243899,9.75,10.5,7,0.004491765447817638,1
1287.0,2178.0,9,26,25,19,1732.5,-891.0,19.75,6.5,1,0.0113997113997114,1
1540.0,2409.36585365854,17,36,36,23,1974.68292682927,-869.3658536585399,28.0,13.0,0,0.01417949161334946,1
1377.5,3857.34146341463,7,23,19,10,2617.420731707315,-2479.84146341463,14.75,11.0,4,0.005635318701849945,0
1462.76,4116.0,4,33,28,24,2789.38,-2653.24,22.25,6.5,5,0.00797668299048534,1
1601.16666666667,4421.84615384615,4,19,18,10,3011.5064102564097,-2820.67948717948,12.75,8.5,1,0.004233761534286232,1
1469.0,3641.51351351351,3,18,19,21,2555.256756756755,-2172.51351351351,15.25,-2.5,-1,0.0059680891008995806,1
1240.5,2685.84615384615,8,33,41,21,1963.173076923075,-1445.3461538461502,25.75,16.0,-8,0.013116520546603333,1
1337.44,3586.45945945946,3,20,16,4,2461.9497297297303,-2249.01945945946,10.75,14.0,4,0.0043664579622347205,1
924.0,1800.225,19,34,41,29,1362.1125,-876.2249999999999,30.75,8.5,-7,0.022575227817085593,0
923.8823529411766,2727.30769230769,16,26,43,17,1825.5950226244333,-1803.4253393665135,25.5,17.5,-17,0.013968048600034956,1
1167.5,1950.0,11,32,16,6,1558.75,-782.5,16.25,18.0,16,0.010425020048115477,1
1275.59183673469,2150.16666666667,14,35,26,21,1712.87925170068,-874.57482993198,24.0,9.5,9,0.014011495542473837,1
1859.0,3624.46875,3,11,4,21,2741.734375,-1765.46875,9.75,-13.5,7,0.0035561431803545884,1
903.5,1984.5,5,6,5,21,1444.0,-1081.0,9.25,-15.5,1,0.006405817174515236,1
1664.0,4254.48648648649,8,7,35,21,2959.243243243245,-2590.4864864864903,17.75,0.0,-28,0.005998155116355529,0
595.4,1818.0,19,49,51,36,1206.7,-1222.6,38.75,14.0,-2,0.03211237258639264,0
1004.0,3110.0,19,48,48,35,2057.0,-2106.0,37.5,13.0,0,0.018230432668935342,0
655.0,1618.8,22,50,35,21,1136.9,-963.8,32.0,21.5,15,0.028146714750637698,0
810.588235294118,1622.775,20,43,43,27,1216.681617647059,-812.1867647058821,33.25,16.0,0,0.027328431298487263,0
1023.0,1813.875,18,39,42,26,1418.4375,-790.875,31.25,14.5,-3,0.022031284423881914,0
782.5,1663.60975609756,17,39,41,22,1223.05487804878,-881.10975609756,29.75,18.0,-2,0.024324337798694803,0
1118.5652173913,1984.5,15,39,6,21,1551.53260869565,-865.9347826087001,20.25,1.5,33,0.013051610959710263,0
1740.66666666667,1984.5,4,39,35,21,1862.5833333333348,-243.83333333333007,24.75,16.0,4,0.013287996062815971,1
774.901960784314,2218.46153846154,13,43,41,30,1496.6817496229269,-1443.559577677226,31.75,12.0,2,0.02121359467902851,0
624.0,1154.46153846154,20,49,35,21,889.23076923077,-530.4615384615399,31.25,21.0,14,0.03514273356401381,0
838.117647058824,2226.0,20,41,38,31,1532.058823529412,-1387.8823529411761,32.5,8.5,3,0.021213284699558455,0
821.736842105263,2534.25,6,39,35,21,1677.9934210526314,-1712.513157894737,25.25,16.0,4,0.015047734802297544,1
700.408163265306,1927.33333333333,15,46,35,20,1313.8707482993182,-1226.925170068024,29.0,20.5,11,0.022072186352833995,0
870.235294117647,1762.2972972973,14,40,4,21,1316.2662957074735,-892.0620031796531,19.75,1.0,36,0.015004562575527066,1
940.5,2258.025,19,52,47,30,1599.2625,-1317.525,37.0,19.5,5,0.023135664095168866,0
1134.5,3163.125,16,44,29,24,2148.8125,-2028.625,28.25,12.5,15,0.013146796195573136,0
680.244897959184,1567.26315789474,26,70,64,34,1123.754027926962,-887.0182599355561,48.5,33.0,6,0.04315891093130946,0
910.541666666667,1546.8,11,39,3,3,1228.6708333333336,-636.258333333333,14.0,18.0,36,0.011394426904412286,0
660.081632653061,1276.15384615385,21,42,44,29,968.1177394034555,-616.0722135007891,34.0,14.0,-2,0.03511969527688901,0
1062.43137254902,2552.0,19,42,41,31,1807.21568627451,-1489.56862745098,33.25,10.5,1,0.018398468014929257,1
793.0,1851.6,18,38,36,30,1322.3,-1058.6,30.5,7.0,2,0.023065870074869547,0
706.0,2618.7,20,43,45,24,1662.35,-1912.6999999999998,33.0,20.0,-2,0.01985141516527807,0
962.509803921569,1758.0,6,33,10,10,1360.2549019607845,-795.490196078431,14.75,11.5,23,0.010843555850258745,1
1527.10204081633,2352.0,10,39,17,18,1939.551020408165,-824.8979591836701,21.0,10.0,22,0.010827248048149152,0
607.686274509804,1515.07317073171,23,51,48,33,1061.379722620757,-907.386896221906,38.75,16.5,3,0.03650908263474128,0
1021.64705882353,1966.82926829268,17,41,43,30,1494.238163558105,-945.1822094691499,32.75,12.0,-2,0.02191752345691342,0
1087.75510204082,2597.53846153846,12,28,24,11,1842.64678178964,-1509.78335949764,18.75,15.0,4,0.010175580141186568,1
731.64,1041.80487804878,21,62,54,34,886.72243902439,-310.16487804878,42.75,24.0,8,0.048211253170761505,0
981.0,2331.51219512195,13,44,46,23,1656.256097560975,-1350.5121951219498,31.5,22.0,-2,0.01901879790594421,0
625.106382978723,1459.78378378378,21,65,49,29,1042.4450833812516,-834.6774008050571,41.0,28.0,16,0.03933060902068176,0
627.64,1275.89189189189,18,53,38,30,951.7659459459451,-648.2518918918901,34.75,15.5,15,0.03651107727484673,0
891.28,1941.21951219512,14,26,29,22,1416.2497560975598,-1049.93951219512,22.75,5.5,-3,0.016063550868800885,0
667.843137254902,1715.36842105263,20,46,42,31,1191.605779153766,-1047.5252837977282,34.75,13.0,4,0.02916232919303073,0
739.21568627451,1442.175,22,61,52,30,1090.695343137255,-702.95931372549,41.25,26.5,9,0.0378199102614203,1
758.16,2303.53846153846,17,46,45,22,1530.84923076923,-1545.3784615384602,32.5,23.5,1,0.02123004626893872,0
565.76,1316.0,20,40,43,34,940.88,-750.24,34.25,7.5,-3,0.036402091658872544,0
897.0,1408.44827586207,8,31,4,5,1152.7241379310349,-511.44827586207,12.0,12.5,27,0.0104101229471417,0
815.686274509804,2124.0,20,47,47,21,1469.843137254902,-1308.313725490196,33.75,26.0,0,0.022961633894506547,0
872.04,1738.02631578947,17,45,17,14,1305.0331578947348,-865.9863157894699,23.25,17.0,28,0.017815639288051997,0
803.0,1729.17073170732,22,41,39,28,1266.08536585366,-926.1707317073201,32.5,12.0,2,0.025669675107639227,0
1056.0,1908.43902439024,23,54,52,29,1482.21951219512,-852.4390243902401,39.5,24.0,2,0.02664922413651252,0
1250.6,1935.07317073171,19,26,46,30,1592.836585365855,-684.4731707317101,30.25,6.0,-20,0.01899127649246702,1
614.823529411765,1047.78947368421,20,50,39,21,831.3065015479874,-432.965944272445,32.5,23.5,11,0.03909508699797403,0
651.130434782609,1371.41666666667,17,52,43,30,1011.2735507246394,-720.286231884061,35.5,17.5,9,0.03510425045188028,0
751.5,1987.65,13,41,31,2,1369.575,-1236.15,21.75,34.0,10,0.01588083894638848,1
799.24,1123.5,22,64,53,39,961.37,-324.26,44.5,19.5,11,0.046288109676815375,0
666.5,1378.125,27,61,63,34,1022.3125,-711.625,46.25,28.0,-2,0.04524056978663569,0
748.392156862745,1346.91666666667,23,69,44,14,1047.6544117647074,-598.524509803925,37.5,42.5,25,0.03579424625037719,0
838.367346938776,2254.35,22,52,54,30,1546.358673469388,-1415.982653061224,39.5,23.0,-2,0.025543879746461648,0
819.0,1920.45,21,50,47,31,1369.725,-1101.45,37.25,17.5,3,0.027195239920421985,1
836.078431372549,1316.92105263158,21,62,49,29,1076.4997420020645,-480.84262125903115,40.25,26.5,13,0.03738969776726877,0
822.12,1555.05,13,38,33,19,1188.585,-732.93,25.75,16.5,5,0.0216644160914028,1
970.0,2049.97058823529,16,51,43,30,1509.985294117645,-1079.97058823529,35.0,17.0,8,0.023179033687511598,0
1212.44897959184,2699.025,18,55,48,31,1955.7369897959202,-1486.57602040816,38.0,20.5,7,0.019430015486880614,0
929.882352941176,2242.15384615385,12,38,22,13,1586.018099547513,-1312.2714932126737,21.25,17.0,16,0.013398333856380689,0
917.959183673469,1772.4,14,32,25,14,1345.1795918367345,-854.440816326531,21.25,14.5,7,0.015797147183139192,0
1066.5306122449,2760.39473684211,4,33,35,21,1913.462674543505,-1693.8641245972099,23.25,13.0,-2,0.012150746554565928,0
656.76,1239.0,22,57,44,33,947.88,-582.24,39.0,17.5,13,0.0411444486643879,0
581.0,1130.325,24,61,57,41,855.6625,-549.325,45.75,18.0,4,0.05346734255620645,1
1079.76470588235,637.5,15,39,3,21,858.632352941175,442.26470588235,19.5,0.0,36,0.02271053487933962,0
793.52,1173.0,22,58,62,32,983.26,-379.48,43.5,28.0,-4,0.04424058743363912,0
889.0,2557.90243902439,21,45,43,27,1723.451219512195,-1668.9024390243899,34.0,17.0,2,0.019727857461276654,1
750.285714285714,1572.66666666667,17,46,41,26,1161.476190476192,-822.3809523809559,32.5,17.5,5,0.027981632569390312,0
642.0,1146.29268292683,22,62,54,37,894.146341463415,-504.2926829268299,43.75,21.0,8,0.0489293507910529,0
612.56,1902.92307692308,17,27,29,5,1257.7415384615401,-1290.3630769230801,19.5,23.0,-2,0.015503980272331828,0
1020.89795918367,1824.0,17,38,24,15,1422.448979591835,-803.10204081633,23.5,16.0,14,0.01652080344332857,0
776.68085106383,1667.53125,8,48,8,6,1222.1060505319151,-890.85039893617,17.5,22.0,40,0.014319542884501078,0
614.791666666667,1841.92105263158,16,39,42,19,1228.3563596491235,-1227.1293859649131,29.0,21.5,-3,0.023608784024437147,0
847.0,1411.5,18,51,38,28,1129.25,-564.5,33.75,16.5,13,0.02988709320345362,0
887.0,1823.5,25,61,65,41,1355.25,-936.5,48.0,22.0,-4,0.03541781959048146,0
642.0,1084.46153846154,20,65,60,38,863.23076923077,-442.46153846153993,45.75,24.5,5,0.05299857422919261,0
792.48,1504.65,15,45,39,16,1148.565,-712.1700000000001,28.75,26.0,6,0.025031234627556995,0
865.5,1490.46153846154,18,46,36,19,1177.98076923077,-624.9615384615399,29.75,22.0,10,0.02525508121785975,0
824.5,2188.54054054054,13,29,21,17,1506.52027027027,-1364.04054054054,20.0,8.0,8,0.013275626219361786,1
1252.0,3680.63414634146,15,49,24,21,2466.31707317073,-2428.63414634146,27.25,15.5,25,0.01104886322056192,0
1680.97959183673,3197.12195121951,9,14,4,21,2439.05077152812,-1516.14235938278,12.0,-12.0,10,0.004919946784249075,1
955.24,1787.21052631579,15,49,40,27,1371.225263157895,-831.97052631579,32.75,17.5,9,0.02388374899436846,0
1894.5,3325.0,11,22,23,12,2609.75,-1430.5,17.0,10.5,-1,0.006514033911294185,0
944.5,2686.83333333333,15,20,23,18,1815.666666666665,-1742.3333333333298,19.0,3.5,-3,0.010464475858270617,1
733.098039215686,1722.0,13,36,29,15,1227.549019607843,-988.901960784314,23.25,17.5,7,0.018940180496765435,1
1602.5,2602.92307692308,15,34,27,10,2102.71153846154,-1000.4230769230799,21.5,20.5,7,0.010224892766665744,0
1206.0,2049.38461538462,8,38,33,15,1627.69230769231,-843.3846153846198,23.5,20.5,5,0.014437618147447996,1
737.36,2788.39024390244,12,28,27,14,1762.87512195122,-2051.03024390244,20.25,13.5,1,0.011486916882454214,1
1069.56862745098,2170.0,9,30,32,17,1619.78431372549,-1100.43137254902,22.0,14.0,-2,0.013582055224007072,0
1163.37254901961,2585.56097560976,22,66,51,39,1874.4667623146852,-1422.1884265901501,44.5,19.5,15,0.023740084857545928,0
1579.76,2394.5,15,38,31,19,1987.13,-814.74,25.75,15.5,7,0.012958387221772102,0
670.901960784314,2058.0,12,41,44,22,1364.450980392157,-1387.098039215686,29.75,20.5,-3,0.021803641484760085,0
585.5,1821.75,25,64,62,42,1203.625,-1236.25,48.25,21.0,2,0.040087236473154014,0
1248.0,2579.325,8,25,24,11,1913.6625,-1331.3249999999998,17.0,13.5,1,0.008883489120991815,1
894.739130434783,1914.70588235294,3,33,27,3,1404.7225063938615,-1019.9667519181571,16.5,27.0,6,0.011746092146240353,0
1003.29411764706,3721.59375,8,34,29,8,2362.44393382353,-2718.29963235294,19.75,23.5,5,0.008359986756610701,1
1213.33333333333,3478.46153846154,15,12,2,7,2345.897435897435,-2265.1282051282096,9.0,0.0,10,0.003836484861733524,1
734.117647058824,1628.55,21,44,47,33,1181.333823529412,-894.432352941176,36.25,12.5,-3,0.030685653181162363,0
711.88,1711.16129032258,16,48,45,25,1211.52064516129,-999.28129032258,33.5,21.5,3,0.027651200277763435,0
882.980392156863,2200.8,14,23,34,12,1541.8901960784315,-1317.8196078431372,20.75,16.5,-11,0.013457508227741858,0
846.274509803922,2768.59459459459,17,37,30,21,1807.434552199256,-1922.320084790668,26.25,12.5,7,0.014523347452918526,0
859.591836734694,1832.775,17,32,35,24,1346.183418367347,-973.1831632653061,27.0,9.5,-3,0.02005670225291115,0
1786.2,2575.0,7,15,15,8,2180.6,-788.8,11.25,7.0,0,0.005159130514537284,1
735.428571428571,3443.3,17,39,50,23,2089.3642857142854,-2707.871428571429,32.25,21.5,-11,0.015435316962439022,0
697.411764705882,2216.91891891892,15,9,35,16,1457.165341812401,-1519.5071542130381,18.75,6.0,-26,0.012867448505657582,0
986.980392156863,4062.73170731707,10,23,11,6,2524.8560497369663,-3075.751315160207,12.5,11.0,12,0.004950777293343999,1
1259.44,3411.08108108108,14,16,15,9,2335.26054054054,-2151.64108108108,13.5,6.5,1,0.005780939542135701,1
732.0,1382.76923076923,18,43,41,31,1057.384615384615,-650.76923076923,33.25,11.0,2,0.03144551142150445,0
1632.90196078431,4279.05882352941,6,20,10,12,2955.98039215686,-2646.1568627450997,12.0,3.0,10,0.004059566846870755,1
965.12,2695.17073170732,17,43,38,27,1830.14536585366,-1730.0507317073202,31.25,13.5,5,0.017075146369820538,0
1246.98039215686,2661.0,10,19,28,12,1953.99019607843,-1414.01960784314,17.25,11.5,-9,0.008828089329526816,1
1408.24489795918,3129.51219512195,5,20,17,6,2268.878546540565,-1721.2672971627699,12.0,12.5,3,0.005288956528015482,1
650.0,2069.26829268293,21,52,51,37,1359.634146341465,-1419.2682926829302,40.25,14.5,1,0.02960355188806167,0
2399.13725490196,5050.21621621622,10,15,23,16,3724.67673555909,-2651.07896131426,16.0,3.0,-8,0.004295674802392839,1
805.0,1878.73170731707,17,40,39,29,1341.865853658535,-1073.73170731707,31.25,10.5,1,0.02328846800505306,0
839.28,1832.92307692308,16,42,37,16,1336.10153846154,-993.6430769230801,27.75,23.5,5,0.02076937957271785,0
1158.625,2031.225,11,28,26,18,1594.925,-872.5999999999999,20.75,9.0,2,0.013010016144959795,0
999.5,2224.5,13,40,38,15,1612.0,-1225.0,26.5,24.0,2,0.016439205955334987,0
1323.45098039216,3222.15384615385,5,8,6,2,2272.802413273005,-1898.7028657616897,5.25,5.0,2,0.002309923629674261,1
1766.0,3553.2,11,18,24,14,2659.6,-1787.1999999999998,16.75,7.0,-6,0.006297939539780418,1
888.0,2570.84210526316,16,45,42,23,1729.42105263158,-1682.8421052631602,31.5,20.5,3,0.018214187893727734,0
852.0,3596.52631578947,12,30,25,12,2224.263157894735,-2744.52631578947,19.75,15.5,5,0.008879345022597676,0
894.196078431373,2064.41666666667,15,52,42,14,1479.3063725490215,-1170.220588235297,30.75,33.0,10,0.020786769103829438,0
875.843137254902,1678.0,19,32,43,14,1276.921568627451,-802.156862745098,27.0,23.5,-11,0.02114460328916051,0
1495.76470588235,3771.6,10,25,23,15,2633.682352941175,-2275.83529411765,18.25,9.0,2,0.006929461322326606,0
1829.55102040816,3374.53846153846,15,5,6,5,2602.04474097331,-1544.9874411303,7.75,0.5,-1,0.0029784268802007866,1
1221.0,2325.75,20,45,53,33,1773.375,-1104.75,37.75,16.0,-8,0.021287093818284347,0
979.843137254902,1961.4,20,42,46,27,1470.621568627451,-981.5568627450981,33.75,17.0,-4,0.02294947981179093,0
1097.0,3227.53846153846,9,25,30,18,2162.26923076923,-2130.53846153846,20.5,9.5,-5,0.009480780519041608,0
1059.5,1586.78048780488,21,44,46,29,1323.14024390244,-527.2804878048801,35.0,16.0,-2,0.0264522224014378,0
1264.0,2451.0,11,26,28,21,1857.5,-1187.0,21.5,6.0,-2,0.011574697173620458,0
1548.0,2815.0,14,19,24,16,2181.5,-1267.0,18.25,5.5,-5,0.008365803346321338,1
1769.08333333333,5217.21951219512,13,16,12,12,3493.151422764225,-3448.1361788617896,13.25,2.0,4,0.0037931364537054386,1
1012.47058823529,1996.10526315789,18,41,30,26,1504.28792569659,-983.6346749226,28.75,9.5,11,0.01911203268263072,0
1639.52941176471,4893.67741935484,9,40,16,2,3266.603415559775,-3254.14800759013,16.75,26.0,24,0.005127650304966595,1
771.68,1727.25,11,44,41,20,1249.465,-955.57,29.0,22.5,3,0.023209933851688524,0
