ID,NC_t1,DM_t1,NS_t1,ADD_t1,SUB_t1,CA_t1,NC_t2,DM_t2,NS_t2,ADD_t2,SUB_t2,CA_t2,RMAT,TIME
1,1248,2903.38461538462,5,23,17,8,1305.09803921569,2475.375,4,16,6,13,16,25
2,921.142857142857,2212,21,48,22,29,705.872340425532,2515.45945945946,22,30,35,34,31,21
3,902.72,1943.84615384615,14,28,26,18,960.408163265306,2131.75609756098,9,11,14,12,21,28
5,1334.29787234043,3707.26829268293,9,17,10,-99,-99,-99,5,-99,-99,-99,25,21
6,1274.50980392157,2384.91891891892,16,34,37,16,1012.5,1936.725,19,41,42,5,31,14
7,1150.5,2817.07317073171,12,33,24,14,1199.12,3029.92307692308,13,31,28,14,29,28
8,637.795918367347,1583.07692307692,21,48,43,26,713.5,1810.09756097561,23,51,49,25,37,14
9,1565.09803921569,2482.09756097561,14,23,28,15,-99,-99,-99,-99,-99,-99,31,-99
10,1793.48,3539,10,14,31,20,1288.27450980392,2780.70731707317,12,25,27,14,26,33
11,1251.05882352941,2636.78048780488,16,42,33,23,957,2156,20,48,42,28,26,28
12,1185.6,2193,18,41,33,23,2107,2494.90243902439,19,43,37,24,30,28
13,1344,3960.83333333333,8,21,25,12,920.705882352941,2757.825,9,28,25,13,21,28
14,1126.5,1932,16,36,33,20,853,2453.5,15,35,33,15,24,33
15,1686.43137254902,2593.24390243902,13,31,26,17,1151,2269,15,42,31,24,28,28
16,612.326530612245,1454,20,56,58,32,573.04,1409,24,60,60,29,35,14
17,825.882352941176,3000.72972972973,17,35,37,17,903.102040816327,2585,13,30,24,22,31,33
18,1184.5,2256.33333333333,5,29,27,12,1094.08,2083.42105263158,13,19,19,13,21,28
19,980.2,3614.0487804878,12,24,26,15,1394,2906,14,32,31,15,24,28
20,847.08,1811.38461538462,11,49,44,27,783.5,1741.9756097561,19,56,54,31,31,21
21,1073.5,2352,12,47,38,21,889,2251.2,13,37,37,23,30,21
22,567.921568627451,1516.2,17,35,61,38,669.066666666667,1074.40540540541,18,65,65,34,38,14
23,629.098039215686,1830.86842105263,18,56,49,26,623.48,1648.76923076923,20,54,52,32,39,28
24,798.2,1751.5,21,64,69,38,578,1566.15789473684,21,67,68,41,48,14
25,951.294117647059,2147.12195121951,17,41,37,29,836.078431372549,1497.65853658537,22,42,45,34,40,21
26,1710.46808510638,3418.39024390244,4,19,19,13,1331.09803921569,2435.5,10,25,14,15,17,28
28,1675.44,2805.29268292683,8,14,14,6,1816.94117647059,3876.80487804878,5,12,14,10,15,28
29,899.294117647059,2301,10,44,31,24,1232,3928.61538461538,11,27,31,9,31,21
30,1093.01960784314,2463.65853658537,12,52,43,22,1263,2257,15,50,37,22,27,14
31,992.078431372549,1631,11,31,36,13,811.5,1389.31578947368,8,33,21,19,25,27
32,774.901960784314,3168.78947368421,8,28,30,12,1089.87755102041,3103.45945945946,8,17,18,11,19,28
33,647.5,1675.275,20,46,46,33,-99,-99,-99,-99,-99,-99,34,-99
35,1840.8,2940,11,19,22,10,1236.04,2594.78048780488,10,18,20,13,20,28
36,1495.76470588235,3014.78048780488,3,15,4,-99,1592.89795918367,2353.07692307692,4,20,23,11,19,40
37,882.916666666667,2332.05,8,26,20,15,927.333333333333,1723.07692307692,13,24,20,14,23,38
38,1199.56862745098,3297,8,18,14,9,1163.37254901961,2541,7,18,16,5,16,38
39,1586,3100.62162162162,4,15,16,7,1220.96,2348.5,5,23,21,9,21,40
40,901,1958.25,12,30,30,23,1054.56,1874.38461538462,17,38,36,25,23,40
41,1450.69387755102,2711,5,23,29,11,-99,-99,-99,-99,-99,-99,15,-99
42,1158.56,3022.5,4,18,14,9,1417.5,2849.85365853659,4,24,27,12,14,38
43,1425.92156862745,3537.45,9,15,11,13,1219.4,2964,13,35,18,16,23,18
44,1194.96,2755.84615384615,7,17,9,8,970.666666666667,1977.23076923077,9,23,21,7,16,40
45,930.8,2380.73684210526,12,31,27,16,921.44,2823.39473684211,15,37,27,22,25,18
46,1575.91836734694,2815.07692307692,4,10,15,7,1525,2671.09756097561,9,16,11,8,9,18
47,1594.5,3403.13513513514,9,13,13,4,1693.05882352941,3033,11,18,22,8,15,40
48,1165.32,3084.9,6,18,26,8,-99,-99,-99,-99,-99,-99,-99,-99
49,1651,2926,7,22,12,8,1224.08,2043.65853658537,7,31,26,13,13,18
50,1574.08333333333,3326.75,-99,-99,-99,-99,1578.72,2120.32258064516,3,13,15,7,10,40
51,1040,2132.55,13,30,29,21,1264,2033.41463414634,12,22,24,20,23,18
52,1355.05882352941,2700.5,9,26,24,7,1152,3866.21052631579,9,26,11,-99,18,40
53,989.061224489796,2930.05263157895,6,11,18,13,-99,-99,7,-99,6,-99,20,40
54,1092.5,2574.6,14,30,24,16,-99,-99,-99,-99,-99,-99,24,-99
55,1165.41176470588,2165.625,8,17,17,12,912.765957446809,1465.90243902439,11,23,14,11,18,38
56,1333.64705882353,2698.76923076923,13,23,37,25,1143,2689.05,17,38,34,-99,21,18
57,1111,2287.5,9,28,26,12,777.960784313726,1327.08333333333,14,39,29,20,30,28
58,1342.5,2542.61538461538,10,25,22,3,941.098039215686,1499.07692307692,8,17,11,7,28,25
59,1050.83333333333,1852.30769230769,11,27,30,12,813.8,2061.40540540541,13,35,26,11,29,27
60,766.133333333333,1445.02702702703,11,35,32,19,674.731707317073,1071.58333333333,13,28,35,23,36,28
61,1045.09803921569,1638,8,10,-99,-99,-99,-99,-99,-99,-99,-99,30,-99
62,592.28,1621.97368421053,14,43,38,22,639.294117647059,995.4,16,54,45,25,31,25
63,1093.0612244898,1582.875,19,38,36,21,843.21568627451,1914,20,28,29,27,31,25
64,956.583333333333,1350.825,13,41,30,21,775.574468085106,1256.68421052632,15,19,16,16,35,25
65,661.44,1180.725,23,39,43,-99,544.44,1010.91666666667,23,49,44,30,46,27
66,1052,2284,18,45,40,33,1032.86274509804,2583,18,42,33,25,35,25
67,936,2524.30769230769,8,33,33,22,1051.96,1722,13,40,37,23,26,25
68,732.078431372549,1713.38461538462,4,29,26,12,-99,-99,-99,-99,-99,-99,24,-99
69,1040.5,2338,15,37,31,24,865.347826086957,1726.09756097561,19,35,31,23,27,25
70,698.36,2509.5,9,34,32,17,659.608695652174,1107.75,16,37,31,20,33,27
71,644.163265306122,1290.45,20,47,6,-99,-99,-99,-99,-99,-99,-99,37,-99
72,757.25,1167.83333333333,15,48,44,30,766.723404255319,1103.05263157895,21,51,43,30,32,27
73,757.5,1542.73170731707,18,40,36,28,919.020408163265,1740.5,14,35,26,20,28,25
74,1809.80392156863,2945.5,11,32,36,17,-99,-99,-99,-99,-99,-99,30,-99
75,766,2341.23076923077,12,31,-99,-99,-99,-99,-99,-99,-99,-99,26,-99
76,975,1730.84210526316,13,24,31,20,-99,-99,-99,-99,-99,-99,30,-99
77,882,1596,24,50,45,34,-99,-99,-99,-99,-99,-99,41,-99
78,752.5,1684.09756097561,7,37,32,21,657.8,1645.35,9,37,35,19,29,25
79,955.102040816327,2185.65789473684,9,39,24,24,654.588235294118,1204.35,12,44,26,27,25,27
80,870.745098039216,2312.27027027027,18,51,46,24,721.76,1621.97368421053,-99,-99,-99,-99,31,27
81,835.5,1937.12195121951,11,28,24,3,1110.35294117647,1871.1,10,37,37,19,18,27
82,931,1873.5,20,46,39,27,-99,-99,-99,-99,-99,-99,28,-99
83,569.960784313726,1543.5,18,52,49,35,651.04,1609.81578947368,22,46,44,30,41,25
84,718.823529411765,1484.34146341463,7,28,24,4,879.224489795918,1987.81578947368,10,30,24,12,22,28
85,725.739130434783,2360.61538461538,13,43,28,7,850.416666666667,1324.0243902439,7,35,5,8,26,27
86,1053.27659574468,3118.5,6,8,17,2,1108.95652173913,2388.16666666667,8,29,24,12,25,27
87,841.957446808511,1622.25,15,41,27,22,633.208333333333,1159.59375,14,43,38,28,30,27
88,1240.5,2348.92682926829,12,35,30,15,1132.85714285714,2136.07692307692,17,44,19,16,-99,25
89,972.5,1380.61538461538,21,58,56,36,742.274509803922,1118.5,25,60,56,34,45,25
90,1514.11764705882,3246.71052631579,4,41,14,12,-99,-99,-99,-99,-99,-99,24,-99
91,702.509803921569,1377.075,18,40,30,26,590.040816326531,975.947368421053,21,43,40,29,36,28
92,700.916666666667,1542.15384615385,16,27,25,19,-99,-99,-99,-99,-99,-99,-99,-99
93,582.4,1187.55,19,54,48,35,665.5,1176,22,47,50,34,33,14
94,725.877551020408,1753.78378378378,16,46,40,24,801.84,1227.94736842105,16,44,38,22,32,42
96,826.28,1294.82926829268,19,45,43,28,645.411764705882,938.7,15,42,40,19,30,14
97,811.607843137255,2027.26829268293,18,33,35,19,-99,-99,-99,32,30,20,37,-99
98,974,1512,20,47,43,32,-99,-99,-99,-99,-99,-99,36,-99
99,1090.47058823529,1687.35,17,32,39,13,-99,-99,-99,-99,-99,-99,-99,-99
100,985.960784313726,2028.075,10,41,32,12,1393.80392156863,2073.16666666667,9,41,26,11,26,12
101,699.4,1496.92307692308,16,42,45,23,723.32,1505.85365853659,17,41,34,25,32,42
102,533.254901960784,1212.225,23,54,55,37,-99,-99,-99,-99,-99,-99,-99,-99
103,780,1703.56097560976,18,43,37,25,-99,-99,-99,-99,-99,-99,-99,-99
104,1428,2342.5,16,32,30,26,-99,-99,-99,-99,-99,-99,-99,-99
105,788.32,1872.58536585366,23,48,50,30,-99,-99,-99,-99,-99,-99,-99,-99
106,803.877551020408,1526,15,42,36,24,-99,-99,-99,-99,-99,-99,-99,-99
107,987,1699.46341463415,8,43,33,24,-99,-99,-99,-99,-99,-99,-99,-99
108,711.020408163265,1240,13,42,39,14,693.16,992,15,45,38,21,28,12
109,888.078431372549,1392,19,50,42,28,758.5,1561.17073170732,21,52,45,38,32,14
110,1244.5,1929.5,17,46,41,32,-99,-99,-99,-99,-99,-99,46,-99
111,745.702127659574,1984.5,12,44,37,22,-99,-99,-99,-99,-99,-99,-99,-99
112,992.68,1753,9,33,33,27,-99,-99,-99,-99,-99,-99,30,-99
113,595.450980392157,1105.65,23,62,61,37,-99,-99,-99,-99,-99,-99,-99,-99
114,739.96,1453.2,16,54,54,27,802.816326530612,1682.15384615385,17,49,46,10,43,42
115,707,1237.46341463415,19,50,50,29,-99,-99,-99,-99,-99,-99,-99,-99
116,510.823529411765,1225.18421052632,21,62,60,33,-99,-99,-99,-99,-99,-99,49,-99
117,802.88,1472.56097560976,18,46,45,28,-99,-99,-99,-99,-99,-99,36,-99
118,912.6,2303.92105263158,21,48,45,28,-99,-99,-99,-99,-99,-99,51,-99
119,1158.56,1816.21621621622,13,44,37,25,-99,-99,-99,-99,-99,-99,-99,-99
120,765,1854.3,23,55,54,34,-99,-99,-99,-99,-99,-99,39,-99
122,852.681818181818,2034.16216216216,13,37,32,19,1015.04,3063.6,17,43,37,27,31,12
123,599.659574468085,1736.75675675676,12,46,46,30,616.571428571429,1379.53846153846,12,49,48,25,38,41
124,1080,2508,13,32,28,15,-99,-99,-99,-99,-99,-99,-99,-99
125,1248,1768.30769230769,11,30,23,18,-99,-99,-99,-99,-99,-99,-99,-99
126,1213.33333333333,2438.0487804878,14,41,38,15,825.632653061224,1617.55263157895,17,39,39,11,29,14
129,1085.88235294118,1498.5,20,45,42,26,898,2534.34146341463,20,37,49,31,40,42
130,795.918367346939,1253.85365853659,14,41,41,23,790.92,1317.75,18,39,41,20,32,42
131,713.96,1065.75,20,50,40,31,-99,-99,-99,-99,-99,-99,-99,-99
132,1237,1980.46153846154,19,43,38,19,-99,-99,-99,-99,-99,-99,-99,-99
133,686,916.829268292683,21,59,53,29,602.588235294118,1211.85365853659,21,54,58,35,42,14
134,678.039215686275,1032.15,13,51,48,27,698,1324.575,19,45,48,26,-99,14
135,1195.48,1855.17073170732,11,30,24,-99,800.28,1219.07692307692,13,46,28,9,34,14
136,921,1673,21,64,55,36,754,1258,21,66,37,36,42,41
137,735.137254901961,1435.17073170732,19,63,61,32,-99,-99,-99,-99,-99,-99,37,-99
138,661.96,1356.075,18,49,45,30,680.244897959184,966,17,49,46,35,42,41
139,972,2331,14,41,35,23,1041.01960784314,2572.76923076923,15,34,35,22,28,12
140,836.5,1344,21,48,46,31,587.6,1701,21,54,45,32,42,12
141,686.612244897959,1398.6,-99,-99,-99,-99,-99,-99,-99,-99,-99,-99,-99,-99
142,959.450980392157,1569,22,60,49,39,772,1361.325,22,59,61,37,43,14
143,1349.96078431373,1520.4,15,40,28,13,863,1556,19,36,36,20,36,14
144,835.5,1492.5,27,58,60,40,-99,-99,-99,-99,-99,-99,-99,-99
146,821.803921568628,1155.51219512195,22,46,50,35,722.901960784314,1125.15789473684,23,53,54,42,34,42
147,1212.12,2315.775,14,33,33,13,-99,-99,-99,-99,-99,-99,-99,-99
148,540,1276.8,20,53,50,33,-99,-99,-99,-99,-99,-99,-99,-99
149,632.5,1866.23684210526,19,46,47,31,-99,-99,-99,-99,-99,-99,-99,-99
150,1158.04,1725.23076923077,11,35,30,15,-99,-99,-99,-99,-99,-99,24,-99
151,1124.62745098039,1983.21951219512,16,44,33,14,-99,-99,-99,-99,-99,-99,-99,-99
152,923.764705882353,1515.675,13,31,18,12,754.530612244898,1749.825,12,25,26,15,23,42
153,757.56862745098,2303.36842105263,15,34,31,17,-99,-99,-99,-99,-99,-99,34,-99
154,640.5,1810.54054054054,15,52,37,25,614.823529411765,1670.26829268293,13,43,27,13,25,14
155,725.960784313726,1106,22,56,52,34,-99,-99,-99,-99,-99,-99,-99,-99
156,677.04,1702.65789473684,13,35,33,-99,-99,-99,-99,-99,-99,-99,25,-99
157,1082,1927,19,43,47,30,-99,-99,-99,-99,-99,-99,-99,-99
158,643.914893617021,1355.35135135135,17,44,42,21,-99,-99,-99,-99,-99,-99,-99,-99
159,854.127659574468,3091.42105263158,16,32,26,15,-99,-99,-99,-99,-99,-99,-99,-99
160,953,1872.675,19,42,38,22,-99,-99,-99,-99,-99,-99,-99,-99
161,809.5,1672.26315789474,20,54,41,30,570.980392156863,1620.76923076923,19,52,39,35,40,14
162,1150.24,1559.25,4,32,30,4,680.078431372549,1656.23684210526,5,35,29,15,21,12
163,931.921568627451,1562,23,58,53,34,677.5,1407,24,61,55,36,37,14
164,592.392156862745,1184.61538461538,20,58,59,34,713.617021276596,1200.5,20,56,53,28,48,42
165,682.117647058824,1924.65,13,40,32,23,-99,-99,-99,-99,-99,-99,29,-99
166,739.96,1172.325,16,47,44,26,768.326530612245,1044.225,17,49,45,22,37,42
167,779,1226.5,16,51,44,33,807.591836734694,1136.625,20,54,45,30,32,42
168,654.775510204082,1316.7,14,50,43,31,532.235294117647,950.634146341463,11,56,47,32,31,12
169,991.058823529412,3234,14,37,32,24,1026.5,3390.69230769231,16,39,35,24,26,14
170,687.96,1195,23,58,51,31,669.5,1044.87804878049,22,54,57,29,39,14
171,654.588235294118,1228.5,22,58,47,36,-99,-99,-99,-99,-99,-99,-99,-99
173,1029.29411764706,2998.8,12,45,23,10,-99,-99,-99,-99,-99,-99,-99,-99
174,870.745098039216,2054.76923076923,14,38,36,19,-99,-99,-99,-99,-99,-99,-99,-99
175,886.039215686275,1864.8,12,36,35,22,875.510204081633,1600.09756097561,18,43,41,30,34,27
176,761.647058823529,1256.92682926829,20,47,37,26,684,1216.9756097561,17,40,38,19,33,28
177,776.941176470588,1430.0487804878,19,37,38,23,679.64,1429.07692307692,17,27,34,20,35,28
178,813.511111111111,1294.26315789474,19,65,71,34,591.24,1134,21,68,68,40,33,28
179,889.5,2228.56097560976,13,33,31,14,865.8,2064.46153846154,12,33,29,24,34,27
180,997.176470588235,3266.78048780488,13,24,28,14,936.52,2765.85365853659,16,33,24,22,24,33
181,739.916666666667,1281.53846153846,14,44,39,26,973.142857142857,1162.875,21,49,40,28,33,28
182,1053,1370.92307692308,17,51,50,18,681.098039215686,1320.16216216216,18,44,38,28,44,27
183,692.64,1192.57894736842,8,45,39,4,669.24,1206.1875,7,36,25,18,36,14
184,-99,2194.21621621622,8,21,22,9,1394.95652173913,3409.875,8,9,28,12,21,33
185,1069.12,3261,7,28,24,11,1244.43137254902,3304.5,14,23,34,11,30,21
186,999.5,2026.5,12,27,25,8,1279,2442.65853658537,12,30,28,8,23,33
187,805.5,1807.65789473684,15,29,33,27,751,1462.46153846154,21,47,44,26,42,28
188,1078,2446.76923076923,17,33,-99,-99,-99,-99,2,-99,-99,-99,42,14
189,2130.375,4784.4,4,2,11,5,1664,3041.5,5,18,12,8,13,33
190,1275.59183673469,2875,15,39,37,23,896,2804,15,43,26,25,30,27
191,968.76,2536,18,49,53,31,1068,2255.5,23,49,34,29,39,27
192,1120.65306122449,2451.89189189189,2,40,42,25,1072.11764705882,2698.5,5,47,40,24,24,28
193,708.627450980392,1398.71052631579,17,48,53,31,682.117647058824,1206.88235294118,18,41,47,34,34,28
194,894.4,2360.4,19,42,40,23,664.78431372549,1700.46153846154,16,30,41,29,39,27
195,1461.2,1892.21052631579,4,57,49,27,-99,-99,-99,-99,-99,-99,29,-99
196,698.43137254902,1811.38461538462,23,48,49,37,729.04,1705.5,22,52,47,34,43,28
197,1265.70212765957,2723.63636363636,4,27,23,15,988.604651162791,2678.66666666667,3,4,3,3,17,28
198,898.56,2013.45454545455,18,36,38,19,763.404255319149,1730.02941176471,17,41,33,20,22,28
199,1045.09803921569,2849.82352941176,18,37,42,21,812.627450980392,2049,17,43,38,18,34,25
200,1080.27450980392,2822,9,21,14,11,1529,2831.41463414634,9,21,13,11,17,28
201,921,2691.6,13,29,26,12,1021.5,3885.56756756757,14,23,22,17,27,27
202,908,1946.34146341463,20,30,26,19,751.450980392157,3339.51219512195,23,50,46,30,33,28
203,928.5,3027.07317073171,14,33,26,14,944.156862745098,3018.47368421053,14,27,26,12,31,27
204,821.6,2224.92307692308,14,36,24,12,821.803921568628,2038.53658536585,9,47,44,28,38,21
205,1253.5,2338,16,45,46,25,897,1527,19,39,39,29,35,14
206,1452,4074,14,18,17,16,1245,3506.48780487805,12,22,23,17,28,33
207,1327.52941176471,2745.75,18,35,35,18,809,1697.92682926829,22,45,43,26,34,28
208,1343.8431372549,2648.0487804878,16,36,39,22,-99,-99,-99,-99,-99,-99,30,-99
209,1112.39215686275,1901.35135135135,11,28,26,14,1093,1864.15384615385,16,29,26,16,30,28
210,658.297872340426,1703.21052631579,16,37,32,17,737.674418604651,1473.15,16,23,29,19,31,28
211,1229.58333333333,2728.34210526316,15,43,31,20,1052,2147.12195121951,15,48,44,25,32,21
212,956.041666666667,1942.83870967742,9,43,38,12,853,2160.16216216216,18,42,38,23,27,27
213,1645.13725490196,2515.90243902439,8,17,27,13,1358.36734693878,2219.7,9,16,14,10,19,28
214,1084.86274509804,2306.5,15,33,30,17,1019.60784313725,2524.84615384615,15,29,27,23,31,33
215,759.958333333333,2045.64705882353,15,37,24,22,1651,3044.46153846154,12,31,30,20,28,21
216,880.816326530612,3883.86486486487,11,36,17,12,1077.21568627451,3157,14,21,7,5,19,38
217,731.058823529412,1907.41463414634,17,48,45,28,729.083333333333,1660.53658536585,20,53,45,31,25,38
218,1638.72222222222,3754.8,6,26,22,19,1150.11764705882,2915.5,7,9,11,6,20,38
219,1289.80392156863,2424.45,6,11,21,13,1096.58823529412,2792.48780487805,11,25,22,13,17,40
220,964.549019607843,2607.23076923077,9,26,28,14,1575.82608695652,5628.72413793103,8,24,14,7,21,40
221,1363.375,2977.90243902439,6,18,11,4,1295.32,2618.36842105263,6,16,12,4,22,38
222,1287,2178,9,26,25,19,1261,2168,12,40,37,19,25,38
223,1540,2409.36585365854,17,36,36,23,1096.5,3139.5,16,49,29,10,24,40
224,1377.5,3857.34146341463,7,23,19,10,1720,3148.5,10,19,26,14,26,18
226,1462.76,4116,4,33,28,24,-99,-99,-99,-99,-99,-99,21,-99
227,1601.16666666667,4421.84615384615,4,19,18,10,1219.73913043478,3532.30769230769,5,16,19,6,19,38
228,1469,3641.51351351351,3,18,19,-99,1137.24,4154.37931034483,6,6,8,3,17,18
230,1240.5,2685.84615384615,8,33,41,21,-99,-99,-99,-99,-99,-99,25,-99
231,1337.44,3586.45945945946,3,20,16,4,-99,-99,-99,-99,-99,-99,13,-99
232,924,1800.225,19,34,41,29,879.921568627451,1465,17,45,38,29,31,40
233,-99,2727.30769230769,16,26,43,17,1099.13725490196,2117.23076923077,19,32,22,8,20,38
234,1167.5,1950,11,32,16,6,-99,-99,3,2,-99,-99,23,38
235,1275.59183673469,2150.16666666667,14,35,26,21,1387.6862745098,2103.675,18,44,31,24,23,40
236,1859,3624.46875,3,11,4,-99,1019.41666666667,3955.875,5,-99,-99,-99,13,38
237,903.5,-99,5,6,5,-99,760.324324324324,-99,-99,9,-99,8,20,27
238,1664,4254.48648648649,8,7,-99,-99,-99,-99,-99,-99,-99,-99,28,-99
239,595.4,1818,19,49,51,36,730.122448979592,2114.36842105263,22,44,44,34,41,25
240,1004,3110,19,48,48,35,582.833333333333,1467,22,60,55,38,29,28
241,655,1618.8,22,50,-99,-99,805.422222222222,-99,22,44,43,16,45,27
242,810.588235294118,1622.775,20,43,43,27,870.745098039216,2749.38461538462,20,46,45,29,33,25
243,1023,1813.875,18,39,42,26,937.04,1514.1,15,44,37,25,33,25
244,782.5,1663.60975609756,17,39,41,22,675,1048.92307692308,14,53,50,24,30,28
245,1118.5652173913,-99,-99,-99,6,-99,-99,-99,4,28,6,3,30,27
246,1740.66666666667,-99,4,-99,-99,-99,771.333333333333,-99,7,-99,16,4,22,27
248,774.901960784314,2218.46153846154,13,43,41,30,621.92,1749.65853658537,18,49,45,31,34,28
249,624,1154.46153846154,20,49,-99,-99,825.5,-99,-99,12,-99,14,30,27
250,838.117647058824,2226,20,41,38,31,724.816326530612,1547.85365853659,17,54,48,31,31,25
251,821.736842105263,2534.25,6,-99,-99,-99,743.6,-99,-99,35,17,6,23,27
252,700.408163265306,1927.33333333333,15,46,35,20,734.085106382979,2031.75,11,43,23,19,36,25
253,870.235294117647,1762.2972972973,14,40,4,-99,748.163265306122,-99,-99,47,43,29,24,27
254,940.5,2258.025,19,52,47,30,863.652173913043,1610,17,59,52,31,32,28
255,1134.5,3163.125,16,44,29,24,839.5,3540.29268292683,15,41,20,10,27,28
256,680.244897959184,1567.26315789474,26,70,64,34,-99,-99,-99,-99,-99,-99,33,-99
257,910.541666666667,1546.8,11,-99,3,3,-99,-99,-99,-99,-99,-99,29,41
258,660.081632653061,1276.15384615385,21,42,44,29,787.5,1471.75,20,41,43,29,42,41
259,1062.43137254902,2552,19,42,41,31,-99,-99,-99,-99,-99,-99,-99,-99
260,793,1851.6,18,38,36,30,1046.76,1709.4,14,50,48,35,47,12
261,706,2618.7,20,43,45,24,701.469387755102,2255.4,20,47,46,29,33,42
263,962.509803921569,1758,6,33,10,10,1257.95744680851,1191.55555555556,4,27,10,4,24,14
264,1527.10204081633,2352,10,-99,17,18,961.257142857143,-99,-99,-99,3,-99,28,42
265,607.686274509804,1515.07317073171,23,51,48,33,674.869565217391,1029.525,20,54,50,31,42,12
266,1021.64705882353,1966.82926829268,17,41,43,30,1118.60465116279,2809.8,5,17,9,17,40,14
267,1087.75510204082,2597.53846153846,12,28,24,11,-99,-99,-99,-99,-99,-99,25,-99
269,731.64,1041.80487804878,21,62,54,34,-99,-99,-99,-99,-99,-99,36,-99
270,981,2331.51219512195,13,44,46,23,767.265306122449,2459.69230769231,17,46,43,27,31,14
271,625.106382978723,1459.78378378378,21,65,49,29,772,1503.80487804878,25,66,51,35,53,14
272,627.64,1275.89189189189,18,53,38,30,694.040816326531,1205.70731707317,18,53,45,30,29,14
273,891.28,1941.21951219512,14,26,29,22,791.96,2034.30769230769,19,50,43,27,31,14
274,667.843137254902,1715.36842105263,20,46,42,31,-99,-99,-99,-99,-99,-99,41,-99
275,739.21568627451,1442.175,22,61,52,30,-99,-99,-99,-99,-99,-99,-99,-99
276,758.16,2303.53846153846,17,46,45,22,-99,-99,-99,-99,-99,-99,33,-99
277,565.76,1316,20,40,43,34,-99,-99,-99,-99,-99,-99,36,-99
278,897,1408.44827586207,8,31,4,5,-99,-99,-99,-99,4,-99,30,42
280,815.686274509804,2124,20,47,47,21,1056.3137254902,1867.95,20,-99,-99,-99,32,12
281,872.04,1738.02631578947,17,45,17,14,-99,-99,-99,-99,-99,-99,34,-99
282,803,1729.17073170732,22,41,39,28,725,2562,21,38,39,26,28,41
283,1056,1908.43902439024,23,54,52,29,799.372549019608,1578.5,20,54,52,32,43,14
284,1250.6,1935.07317073171,19,26,46,30,-99,-99,-99,-99,-99,-99,-99,-99
285,614.823529411765,1047.78947368421,20,50,39,-99,-99,-99,-99,-99,-99,-99,50,-99
286,651.130434782609,1371.41666666667,17,52,43,30,696.28,2398.42105263158,17,45,39,25,35,41
287,751.5,1987.65,13,41,31,2,-99,-99,-99,-99,-99,-99,-99,-99
289,799.24,1123.5,22,64,53,39,641.68,1315,21,65,52,34,41,14
290,666.5,1378.125,27,61,63,34,-99,-99,-99,-99,-99,-99,52,-99
292,748.392156862745,1346.91666666667,23,69,44,14,701.434782608696,-99,-99,-99,-99,-99,40,12
293,838.367346938776,2254.35,22,52,54,30,653.25,1645.63636363636,20,52,54,31,47,14
294,819,1920.45,21,50,47,31,-99,-99,-99,-99,-99,-99,-99,-99
295,836.078431372549,1316.92105263158,21,62,49,29,540.5,1424.76923076923,17,58,39,21,36,14
296,822.12,1555.05,13,38,33,19,-99,-99,-99,-99,-99,-99,-99,-99
297,970,2049.97058823529,16,51,43,30,776.941176470588,1691.4,17,58,49,26,33,14
298,1212.44897959184,2699.025,18,55,48,31,-99,-99,-99,-99,-99,-99,39,-99
299,929.882352941176,2242.15384615385,12,38,22,13,-99,-99,-99,-99,-99,-99,32,-99
300,917.959183673469,1772.4,14,32,25,14,819.276595744681,1610.92105263158,18,35,28,19,27,12
301,1066.5306122449,2760.39473684211,4,33,-99,-99,860.549019607843,1938.14634146341,12,24,27,-99,29,14
302,656.76,1239,22,57,44,33,566.5,1192.8,21,58,50,35,34,14
303,581,1130.325,24,61,57,41,-99,-99,-99,-99,-99,-99,-99,-99
304,1079.76470588235,637.5,-99,-99,3,-99,-99,-99,-99,-99,-99,-99,36,-99
305,793.52,1173,22,58,62,32,-99,-99,-99,-99,-99,-99,41,-99
306,889,2557.90243902439,21,45,43,27,-99,-99,-99,-99,-99,-99,-99,-99
308,750.285714285714,1572.66666666667,17,46,41,26,-99,-99,-99,-99,-99,-99,32,-99
309,642,1146.29268292683,22,62,54,37,763.686274509804,1341.9,23,63,59,34,36,41
310,612.56,1902.92307692308,17,27,29,5,569.877551020408,-99,-99,3,-99,-99,36,41
311,1020.89795918367,1824,17,38,24,15,-99,2714.44444444444,4,20,6,-99,29,14
312,776.68085106383,1667.53125,8,48,8,6,787.428571428571,1164.64864864865,7,43,30,11,27,14
313,614.791666666667,1841.92105263158,16,39,42,19,-99,-99,-99,-99,-99,-99,26,-99
314,847,1411.5,18,51,38,28,855.92,1402.05882352941,11,48,40,20,33,14
315,887,1823.5,25,61,65,41,-99,-99,-99,-99,-99,-99,38,-99
316,642,1084.46153846154,20,65,60,38,-99,-99,-99,-99,-99,-99,45,-99
318,792.48,1504.65,15,45,39,16,-99,-99,-99,-99,-99,-99,34,-99
319,865.5,1490.46153846154,18,46,36,19,639.294117647059,1312.24390243902,17,58,38,23,30,14
321,824.5,2188.54054054054,13,29,21,17,884,1911,10,35,20,13,23,28
322,1252,3680.63414634146,15,49,24,-99,1576.3137254902,3437.36842105263,8,28,10,13,36,14
323,1680.97959183673,3197.12195121951,9,14,4,-99,1499.14893617021,3316.83333333333,7,2,3,-99,18,28
324,955.24,1787.21052631579,15,49,40,27,835.183673469388,2513.7,18,50,42,29,26,28
325,1894.5,3325,11,22,23,12,1406,2835,14,20,24,14,27,33
326,944.5,2686.83333333333,-99,20,23,18,811.5,2298.1875,9,20,26,13,21,21
327,733.098039215686,1722,13,36,29,15,772.862745098039,1487.325,14,37,36,22,25,21
328,1602.5,2602.92307692308,-99,34,27,10,1538.5,2335.2,6,23,16,7,27,21
329,1206,2049.38461538462,8,38,33,15,1179.36,1642.30769230769,12,42,31,23,21,28
330,737.36,2788.39024390244,12,28,27,14,1041.04,2532,10,20,19,14,25,33
331,1069.56862745098,2170,9,30,32,17,1148.07843137255,2454.43902439024,15,33,34,21,36,27
332,1163.37254901961,2585.56097560976,22,66,51,39,-99,-99,-99,-99,-99,-99,35,-99
334,1579.76,2394.5,15,38,31,19,1599.28888888889,3016.26315789474,12,38,15,-99,32,21
336,670.901960784314,2058,12,41,44,22,696.163265306122,1816.21621621622,9,32,28,15,29,19
337,585.5,1821.75,25,64,62,42,683.5,1395.5,23,73,58,42,44,27
338,1248,2579.325,8,25,24,11,1374.5,2466,11,24,25,11,22,28
339,894.739130434783,1914.70588235294,3,33,27,3,1035.5,1678.8,12,35,33,19,27,28
340,1003.29411764706,3721.59375,8,34,29,8,1069.71428571429,3722.4,15,32,32,13,22,33
341,1213.33333333333,3478.46153846154,-99,12,2,7,940.244897959184,1841,12,21,21,14,24,28
343,734.117647058824,1628.55,21,44,47,33,837.098039215686,2118.30769230769,21,55,48,35,34,28
344,711.88,1711.16129032258,16,48,45,25,624.52,1251.87096774194,11,57,47,27,32,21
345,882.980392156863,2200.8,14,23,34,12,816.510638297872,1687.94594594595,14,32,37,14,37,27
346,846.274509803922,2768.59459459459,17,37,30,-99,776.816326530612,1939.37837837838,10,33,36,9,32,28
347,859.591836734694,1832.775,17,32,35,24,951.708333333333,2117.0625,15,47,24,8,31,14
348,1786.2,2575,7,15,15,8,1586,3225.38461538462,10,11,-99,-99,22,28
349,735.428571428571,3443.3,17,39,50,23,1096.16,1530.66666666667,20,55,39,25,36,27
350,697.411764705882,2216.91891891892,15,9,35,16,611.265306122449,-99,12,3,4,7,33,21
351,986.980392156863,4062.73170731707,10,23,11,6,969.913043478261,3577.875,14,28,30,21,21,28
352,1259.44,3411.08108108108,14,16,15,9,1367.6,3001.2972972973,15,33,31,15,21,28
353,732,1382.76923076923,18,43,41,31,756.6,1466.85,18,48,39,21,40,28
354,1632.90196078431,4279.05882352941,6,20,10,12,1522.51162790698,3399.6,9,24,13,11,18,28
355,965.12,2695.17073170732,17,43,38,27,1488,2951.05263157895,16,42,41,22,26,21
356,1246.98039215686,2661,10,19,28,12,1337,3512.92307692308,11,28,24,23,21,33
357,1408.24489795918,3129.51219512195,5,20,17,6,1487.5,2529.69230769231,9,18,23,5,21,33
359,650,2069.26829268293,21,52,51,37,701,1355.84615384615,19,42,44,38,47,27
360,2399.13725490196,5050.21621621622,10,15,23,16,1051.44,2806.81578947368,14,19,12,11,19,28
361,805,1878.73170731707,17,40,39,29,753.48,1429.5,18,43,30,9,39,14
362,839.28,1832.92307692308,16,42,37,16,815.208333333333,1796.30769230769,15,38,29,18,28,28
363,1158.625,2031.225,11,28,26,18,1248.5,2508.73170731707,11,32,31,20,29,28
364,999.5,2224.5,13,40,38,15,1180,1827.51219512195,12,40,39,19,30,21
365,1323.45098039216,3222.15384615385,5,8,6,2,1466.92,2955.61538461538,7,13,12,8,19,28
366,1766,3553.2,11,18,24,14,1479.45098039216,2362,14,22,23,17,25,32
367,888,2570.84210526316,16,45,42,23,1044.07843137255,1841.7,16,40,23,33,26,28
368,852,3596.52631578947,12,30,25,12,728.530612244898,1876.73684210526,10,26,19,12,26,33
369,894.196078431373,2064.41666666667,15,52,42,14,754,-99,12,-99,7,5,26,14
370,875.843137254902,1678,19,32,43,14,-99,-99,-99,-99,-99,-99,31,-99
371,1495.76470588235,3771.6,10,25,23,15,1322.43137254902,2971.5,14,31,25,13,27,28
372,1829.55102040816,3374.53846153846,-99,5,6,5,-99,-99,-99,-99,-99,-99,14,-99
373,1221,2325.75,20,45,53,33,963.591836734694,1623.07894736842,22,63,67,37,44,14
374,979.843137254902,1961.4,20,42,46,27,900.313725490196,2552.78048780488,20,35,37,27,37,27
375,1097,3227.53846153846,9,25,30,18,641.68,1955.625,8,32,32,13,26,28
376,1059.5,1586.78048780488,21,44,46,29,1237.29411764706,1947.75,22,40,44,26,33,29
377,1264,2451,11,26,28,21,972.196078431373,2387.85365853659,11,22,24,15,32,27
378,1548,2815,14,19,24,16,1454,2523.23076923077,14,21,18,17,25,28
379,1769.08333333333,5217.21951219512,13,16,12,12,1818.375,3543.75,7,14,34,20,21,32
380,1012.47058823529,1996.10526315789,18,41,30,26,901.5,2397.15,17,34,35,22,30,28
381,1639.52941176471,4893.67741935484,9,40,16,2,-99,-99,-99,-99,-99,-99,-99,-99
382,771.68,1727.25,11,44,41,20,1107.29411764706,1842.225,7,29,28,20,32,14
